labels,feature1,feature2
2,2.435839076638576517e-01,5.395360986192814234e-01
0,2.979959337751167739e-02,7.453096797070056512e-02
4,-4.375848036796802232e-01,-3.836319455339204376e-01
2,-2.246017559654516771e-01,4.070260459028255950e-01
3,2.848527915046620285e-01,8.003163724663354683e-01
3,-1.424283758672316713e-01,6.706617623186774679e-01
3,-1.330612806522980252e-01,-2.047010746318622398e-01
1,1.259263583288888211e-01,3.098356408861764888e-01
1,6.175058869569653996e-01,-7.524637373240349036e-02
4,-7.525279805440703296e-01,1.424199567157208302e-01
3,4.320287985306073830e-01,7.469314207267937489e-01
2,-3.382946671279937756e-02,5.038823841867003939e-01
3,8.619692830489767976e-01,4.800334062881042030e-01
0,7.488810954294135725e-04,1.000545810953699065e-02
1,-4.859480099149984106e-02,8.778124403467767178e-02
1,-3.906026724483623869e-01,-8.877696286277017013e-01
1,6.057896472756874734e-02,3.084895014860761231e-01
3,9.058202083835260598e-01,3.994039690173286083e-01
4,-4.047879878340653326e-01,-3.944836933741885376e-01
2,6.051951310378557158e-01,3.150190504689432958e-01
1,5.832550238237033113e-01,-1.349444911917340728e-01
4,-6.808241583209936332e-01,-1.055877414655184837e-01
2,-8.861521828589964678e-02,-5.382066113995572637e-02
3,2.350320193854702183e-03,7.591936863498335297e-01
4,-6.955183950638468282e-01,5.050237917110078634e-01
2,-5.311923590615921266e-03,-8.511961151476735848e-03
3,1.145231491829553361e-01,7.978425888168578783e-01
0,5.376222763382450948e-02,-6.063167652764306359e-01
2,-8.563678527740342661e-02,4.671315837750623090e-01
2,5.027606070978631880e-01,4.952009333913420797e-01
4,-2.725139743558462890e-01,9.308283918200772611e-01
1,5.808028236223060636e-01,-1.583670850549583342e-01
2,-2.382328601709286509e-01,3.508607849005670326e-02
3,-4.864383205978201064e-01,1.082049714227537318e-01
2,7.457949379610373519e-01,-5.935796448453503071e-01
3,6.718121696370511486e-01,6.083970049888326459e-01
3,-2.704782649387677540e-01,-1.967157347062943873e-01
1,-1.239826057451411667e-01,-8.877047788641625470e-01
4,-1.565934385575245766e-02,-3.842964728342527225e-01
0,3.700883437529094849e-03,2.649866266678174709e-02
1,-9.244165409257829383e-03,3.900694907714790608e-03
0,-9.919674489732720479e-01,1.264933997387175935e-01
2,1.053682198743577797e-01,5.314614770811068034e-01
4,-2.430263780182696787e-02,-4.341028664038856788e-01
3,6.887594971168387037e-01,6.145578581781533378e-01
2,-2.443397375320547626e-01,7.004192386884733335e-02
4,1.811184128184279984e-01,-1.430054488750550357e-01
0,3.121044950339744717e-01,-3.445387278748808790e-01
2,-2.768535381218686364e-01,8.952988853329543750e-02
0,-8.686909746518243214e-01,-1.380934361779631581e-01
3,8.233400993545811897e-01,4.868725893125428472e-01
1,3.308919938903384650e-01,-7.386348629328055582e-01
1,5.141357663002922296e-01,-4.833803950222637091e-01
4,-4.560598934249189829e-01,8.407991502364658976e-01
0,2.466806338630717910e-01,2.001939436736855510e-02
1,-2.335906051042439466e-02,2.598216394929049877e-01
2,8.608940012222663363e-01,-2.612654279198173835e-01
4,-1.473187295348691306e-01,-4.197124174836392441e-01
0,3.399172499298530048e-01,-1.726955838526630094e-01
1,7.498942200816283155e-02,3.190653193589461645e-01
1,-6.629213893800678381e-02,4.525741118467377366e-02
0,-1.939372446154330187e-01,-6.051338367493519499e-01
3,-3.549112666826161888e-01,5.590675966151524845e-01
0,-5.555587352037163473e-01,-5.464496381487131682e-01
3,-4.639326306559173885e-01,2.970967920953568667e-02
3,-4.434379174441898663e-01,-3.498763830967259458e-02
3,-5.106298566781157788e-01,3.313118567819636207e-01
1,-2.101096813406387251e-02,2.465981558973879828e-01
1,-7.085426682142793864e-02,8.893917588026821475e-02
3,-4.749020795340012091e-01,3.686516937076879559e-03
2,-4.211575132399240917e-02,-3.301160607725579094e-02
4,-6.419765001816236660e-01,-1.482108731520241918e-01
4,-6.844686969123056075e-01,-3.969439048205745252e-02
4,-6.521875770080424184e-01,-1.762578813367859654e-01
3,-4.009093346630861476e-01,5.016134829879853596e-01
4,1.553838041200553410e-01,-8.530007981208234669e-02
0,3.341021112624505962e-01,-1.540163026215550790e-01
4,1.794761890322462139e-01,-2.662224498503000247e-01
3,-3.401085921445995419e-01,-1.402547246001352999e-01
3,-1.029428417684724317e-01,-1.876667622536812574e-01
3,2.620102410598549800e-02,-6.516392456536307387e-02
4,-7.339488049970518402e-01,5.196268407583363308e-02
0,1.055036369285221737e-01,-5.654931538507564914e-01
4,-6.519086300785212895e-01,-6.869864447079160330e-02
3,-7.137724732946833239e-02,-1.875454465306591878e-01
3,-4.166559733474584082e-01,-1.119672156529256390e-01
4,-7.440006051200457327e-01,2.202601434055890817e-01
1,5.966636357512378197e-01,-1.204279981878783462e-01
0,5.158503485984181069e-02,9.757077420314254346e-02
4,8.360725770502894227e-02,8.942675089667137403e-04
2,-2.419548942568349459e-01,2.110543161818727309e-01
0,-2.649967244611516892e-01,-6.540404639668166986e-01
4,-5.880612547511708532e-02,-4.206586404949064772e-01
2,5.577990957150170681e-01,4.267824290148148347e-01
4,-5.819248554025157061e-01,-2.291532515368889800e-01
2,-2.691166069287355134e-01,1.348305056887219300e-01
4,1.159036172757703514e-01,-3.101547963569437627e-01
2,8.561849222930162373e-01,-2.013965361505102268e-03
2,-2.371205840369359219e-01,2.942825319683991525e-01
3,-3.719192379514308922e-01,5.397966711314599042e-01
3,-1.485510147773965728e-01,-2.305304376406230038e-01
2,-3.415410971083527453e-02,4.837456326410118357e-01
2,-7.408216988641197487e-02,-4.553316129908682730e-02
2,7.298172035898851107e-01,-6.079055449291649316e-01
4,-6.935548794523449523e-01,4.729512859508782641e-01
1,-2.653159270726776486e-02,2.191354872876196958e-01
3,-1.162750514524125284e-03,-1.337742110606252866e-01
0,3.107312121009881412e-01,-3.938542255939733172e-01
3,3.043691919663747969e-01,7.607709684418103580e-01
2,-2.373746846641135999e-01,2.587934066097544727e-01
1,-9.035371901218347546e-02,1.203617830041803227e-01
4,-1.837722201628878005e-01,-4.197254988005215681e-01
2,5.640968054473759485e-01,4.070954939003975093e-01
4,-2.634576909826700786e-01,9.299564337515547896e-01
4,-5.260472552415670355e-01,7.132881887582306346e-01
1,1.260055510125077799e-02,2.806537326930546028e-01
4,-5.909582342662208498e-01,-3.061496633479118268e-01
4,1.676480043054640046e-01,-1.220304411284063584e-01
2,-2.692638911752774367e-01,1.983747186374105187e-01
1,-3.920008712191359601e-01,-8.908083334473054782e-01
1,2.111161316460268278e-01,-7.882723596105594144e-01
3,-4.855228151137001014e-01,2.893756994582648012e-01
0,-5.759629627796206686e-01,-5.733782635509890868e-01
2,6.578369562626775746e-01,3.369930839008184464e-01
3,2.579075112653869337e-02,-5.439630218951856805e-02
1,5.788727674181065597e-01,-1.238492669651801714e-01
1,9.918209006738380740e-02,3.264007509296445453e-01
2,-2.377007890152026681e-01,2.763945370229354270e-01
2,-2.052223507886358767e-01,3.213273847944995709e-01
2,3.866464648727619968e-01,5.252002704262807020e-01
0,-8.799630731331719025e-01,-1.704595285328774912e-01
1,6.305048286805732261e-01,-1.216882983109606464e-01
4,1.526261883810161313e-01,-2.115612835019520799e-01
4,-2.594966797565391170e-01,-4.526292008058862004e-01
1,4.649557990781318928e-01,-5.831489340869282501e-01
2,7.694601562244448578e-01,1.902961660914536390e-01
3,-1.038788224982152009e-01,-1.947651853816569079e-01
4,1.532452445296481336e-01,-2.233927838454703441e-01
1,3.103286548028545422e-01,-7.727948359651897192e-01
1,1.060765977576897390e-01,-8.057566152472963594e-01
0,3.494664338017697269e-01,-5.961654502688573665e-02
0,3.235800877072926296e-01,-3.430393413329910213e-01
3,7.037792785213742297e-01,6.328782018667421516e-01
2,2.020208845857018598e-01,5.848189956330335226e-01
1,1.148751198283011477e-01,3.176595283139982961e-01
2,-1.534339835870960067e-01,4.103819683370826255e-01
0,3.425654564308334704e-01,-3.385153206820356031e-01
0,5.788281704419965439e-04,1.671238726700681118e-02
4,-6.694602032087331178e-01,6.257714673165403196e-01
3,1.418329242217084701e-02,-5.505869821683979926e-02
1,4.011196461701220239e-01,-6.641945954676242714e-01
3,8.561734830193634682e-02,7.880045891464072527e-01
1,5.227121841501704003e-01,-4.173658597468796194e-01
2,-2.191788764399560663e-01,3.481191105504037875e-01
4,3.592867278067258391e-02,7.910935118667711957e-03
2,-1.899974498671842538e-01,3.984948153306819840e-01
0,2.235325541299007512e-01,-4.972145077505872313e-01
0,-8.983665517883892004e-01,-1.808436662302931874e-01
3,4.641138855304260957e-03,-1.437377998603780183e-01
4,-3.535343345264777698e-02,-3.997776363754917961e-01
0,-7.156330997092109625e-01,-4.059241882816665981e-01
1,8.262829411898994780e-02,2.963901503491697675e-01
0,8.413351067802045391e-02,1.124850003193424430e-01
4,-3.964082669156065442e-01,-3.693429968223141402e-01
2,3.397398722354837419e-01,5.250948192837030515e-01
4,-4.521700132423863705e-01,7.893633787049135764e-01
4,-7.210598123130846915e-01,2.773900958425038477e-01
3,-8.552660774459708293e-02,-2.393595158003638534e-01
1,3.809828357815821936e-02,2.985825416488884776e-01
1,-2.885564321261797904e-02,8.566328774756066383e-03
3,8.406569366596314957e-03,-1.402164487759394729e-01
2,-3.667790433078754048e-02,-2.910499178446775484e-02
2,8.587369371459530054e-01,-3.002051586786013693e-01
2,7.578123579025181078e-01,-5.670630665846371210e-01
4,-5.687564352870526363e-02,-4.175488802713463454e-01
2,7.626182445351346040e-01,-5.773623217107791694e-01
0,1.892230467686592810e-01,1.000533902360847133e-01
3,2.763613214922269745e-02,-1.033936883052723743e-01
1,-6.902120129083232081e-02,1.812851020406067992e-01
4,1.252429242900118811e-01,-2.663365632769199576e-01
2,8.032748555295742277e-01,9.909832912027177754e-02
3,4.965599191456811570e-03,-4.481635137305671479e-03
2,-1.357254258659029156e-01,-3.619297845398113112e-02
3,3.138849658908009904e-02,-4.333895392440369893e-02
4,-6.930838606075716557e-01,-5.972193261480628762e-02
2,-2.526347857614519854e-01,2.140217540907717042e-01
2,-1.057369402671769626e-01,-5.021958824390708453e-02
2,8.345413568185414688e-01,-4.248392742066149363e-01
2,-1.317902625636023783e-01,-3.787147159749162245e-02
2,2.526558782969890449e-01,5.464220536530576267e-01
0,-9.478099919817419838e-01,2.488475836628986915e-01
2,-1.973123290894782944e-01,-2.183902970947072461e-03
1,-2.083105042269118024e-01,-8.992651109355290773e-01
1,4.428266368268179987e-01,-5.959644042910258177e-01
3,1.668187548433338885e-01,7.919864111163825715e-01
0,2.042106294622972884e-01,-4.946193317623566732e-01
2,3.003831948764812410e-01,5.447434932352867021e-01
4,-1.635339097056991431e-01,-4.351698647682553101e-01
1,2.208212112259090032e-01,3.025716812534712252e-01
4,1.739300313567309908e-01,-1.760694620488450768e-01
1,3.189213130625282444e-01,-7.584157013841525963e-01
0,-9.830242210084627619e-01,1.170348721256824209e-01
4,1.777707513479312995e-01,-1.192208131633921558e-01
3,-3.635168077165049083e-01,5.495050684147810838e-01
4,-7.042302065212641127e-01,4.869460888449494429e-01
3,-1.589868271291696167e-01,7.149781102088504925e-01
3,-7.583692231848515597e-02,-2.214903870037445155e-01
4,1.241891413525938875e-01,-2.700003294861245615e-02
2,4.172341358028882063e-01,4.881188962293442901e-01
3,1.397762211969883102e-02,-1.027324026647799537e-01
3,-1.839015593144985306e-01,7.055229530355386913e-01
4,1.412725285218371096e-01,-6.091561161394638130e-02
0,1.026633986047643075e-02,4.224880393704842640e-02
1,5.176555725089102555e-01,1.355838220028492414e-01
1,8.378693927684592591e-02,-8.621589829678608652e-01
2,2.667827283370784413e-04,5.083611340109579491e-01
1,-2.185081493370922834e-01,-9.243573393902726476e-01
0,3.508316131070431942e-01,-1.213854588121531242e-01
0,-4.046019869994338936e-01,-6.225481777191366195e-01
3,-4.087875882344260137e-01,4.995433196091232375e-01
0,-1.062208309130344003e-01,-6.570208414466270908e-01
4,1.445452776113396176e-01,-2.447903461166451300e-01
4,-7.162416011849431774e-01,2.414777188790441786e-01
0,3.409400850192529919e-01,-4.926900498674745277e-02
0,-7.596634671503041392e-02,-6.443669337164152910e-01
3,-4.988742091616163443e-01,1.638210092341199353e-01
0,5.343427004602484265e-02,1.003757088030359929e-01
4,-3.629953196457664233e-01,-4.288770972771624446e-01
2,-9.607639855282235075e-02,-4.715226635758195534e-02
1,4.348944899475528092e-01,-6.141136835270873950e-01
1,1.418462806650126751e-01,-8.273940550646037284e-01
2,-9.768539528939018668e-02,4.818363511259097232e-01
1,2.967390422586486110e-01,3.085613554935449643e-01
4,-7.759706903846982917e-02,-4.345984855911332323e-01
4,1.473801084846471932e-01,-2.776953134599959849e-01
3,-5.251861776011323979e-01,1.800241464221647991e-01
1,-1.468044020355396551e-01,-9.045525747742702016e-01
3,5.884768960789924508e-01,7.241477069290495061e-01
3,8.531793203813664572e-01,4.751951147706501843e-01
4,-7.101341701471881596e-01,4.020606849177695841e-01
1,-3.327446067931467272e-02,-8.890096153098767662e-01
4,9.605962429733522212e-02,-1.340157424448735167e-02
3,-4.782249154986129569e-01,3.545477750479942847e-01
1,5.995062189401428876e-01,-3.186501537085819069e-01
4,1.761190604396812298e-01,-2.482129645963326026e-01
2,4.150665923438225380e-01,5.116835092379065086e-01
4,-2.261404052590863800e-01,9.500451920501244985e-01
4,8.370471895918803196e-02,-3.479324137019287888e-01
3,-4.346557670373946136e-01,-1.050147634052956379e-02
3,-4.661797641638983913e-01,7.110900327612243443e-02
4,9.618498848396313250e-02,-3.342625237112675229e-01
4,9.942967686695131091e-02,-3.576744186050501151e-01
0,1.631289153799808378e-01,9.201556592723034167e-02
2,8.584840293697304503e-01,4.242687100723328830e-02
1,4.879888710795569629e-01,1.163696648378660659e-01
3,-3.862784411260253847e-01,-1.314336312099880777e-01
4,1.708220018523875783e-01,-8.462694047207701409e-02
2,8.125836342134873380e-01,-1.427602938592266099e-02
1,5.330151689870680221e-01,7.639147879216723336e-02
2,7.644327048459138574e-01,-5.969489098738097743e-01
1,-8.589729407285259799e-02,-9.089939758137393078e-01
4,3.285672871315887394e-02,6.244285317241321347e-03
3,5.859228099332033368e-01,7.219134741118167220e-01
1,-6.258666018630174022e-02,5.544261197001010277e-02
1,-1.497104081040488144e-01,-8.803374248232215260e-01
2,-4.600815681654498585e-02,-4.855380921984538134e-02
2,-2.270274746627524154e-01,1.343660226794142661e-02
4,-1.105878869752243282e-01,-4.135631615109702786e-01
2,-1.695494527530625739e-01,4.112350964264426256e-01
3,-4.935002226870774944e-01,2.393831173840184345e-01
4,1.014363757958328116e-02,-3.945184472090734196e-01
4,1.580613264531967876e-01,-9.408999753250225917e-02
4,-2.776132625908402929e-01,-4.258661646334449546e-01
4,1.623399212184579721e-01,-1.121725216872917902e-01
1,-3.342992347022321620e-01,-9.318142529819296582e-01
1,3.762171362677720343e-01,-7.014665843064676887e-01
2,-1.377337534080364315e-02,-1.459363529859871583e-02
4,-7.016164122110990498e-01,-3.189800953510155829e-02
1,6.271722387764457896e-01,-1.788457317427040727e-01
1,-2.855998856539560538e-01,-8.883285788399544192e-01
2,-1.827424000564908668e-01,-2.101251478057244299e-02
2,7.385232703132281751e-01,-5.481707244108470212e-01
4,-4.303606739898674372e-01,-3.817109046650459803e-01
1,-2.819206726194122270e-01,-9.000227696014941881e-01
3,8.999106197515863714e-01,4.205088492121718535e-01
1,5.734537190903767900e-01,-3.378018399542911387e-01
1,2.322078188092399353e-01,2.896494074742466118e-01
0,-4.817115491437107960e-02,-6.671595222849699969e-01
1,2.693035937321659468e-01,2.884844414774302424e-01
0,-5.785528796082597403e-01,-5.611995311168368472e-01
2,4.721752759445416170e-01,4.878484762639986871e-01
2,3.752156997183004328e-01,5.293324189818997549e-01
4,-5.042619589249237588e-01,7.166179357256505789e-01
0,2.165106251307363228e-01,-4.966657956676909791e-01
0,-1.120342857943631282e-02,-6.453877157559529953e-01
1,-2.923548132924437201e-02,1.624322481222980133e-02
2,4.893648254069977721e-01,4.657655461617274950e-01
0,-5.170689868168212300e-01,-5.695222903483118104e-01
1,-6.021463119536645675e-02,1.702682677720258886e-01
0,-9.295593810423711245e-01,8.132844388951381009e-02
0,-1.701349929809798378e-01,-6.814228914995725805e-01
3,-3.769954010712932013e-01,5.606156828951973647e-01
2,-2.736654426189945033e-01,1.331721621060729943e-01
2,-1.946492329671672961e-01,3.586049492088596580e-01
1,2.202873656592813922e-01,2.946501633363460271e-01
4,6.082137316011914513e-02,-3.594389597156800731e-01
3,2.019306731241534564e-02,7.656200399709771620e-01
1,-4.979925693495283467e-01,-8.400766338263175870e-01
2,-6.848519627230997830e-02,-3.502766984623428143e-02
0,1.611326300554989308e-02,-6.151736239529332906e-01
4,-3.490613876394855208e-01,-4.099963122536148252e-01
3,-4.915572483268811355e-01,5.813705112058357993e-02
0,1.851325287104521322e-01,-5.163067823435592008e-01
4,-2.389617213577206745e-02,9.997144457080019420e-01
4,1.294962592702112170e-01,-2.148242959560595633e-01
2,7.532268408654139158e-01,2.124280977420489047e-01
1,2.830939815708910512e-01,2.844816714679624936e-01
4,-5.370624887123433278e-02,9.952074463038784735e-01
0,3.092193631121364569e-02,7.768402094445138462e-02
0,2.912075837086847696e-01,4.265088760417309888e-02
0,-9.609898109162476887e-01,1.035736787460231623e-01
3,-4.110046194399354924e-01,-9.304358678433077845e-02
1,-5.471617791864090419e-02,7.183600127370474986e-02
4,-6.639467448181228804e-01,-1.418462091556476623e-01
2,-2.063123725716999313e-01,2.079631778547355245e-02
3,9.633365007447032280e-01,2.555484468343656168e-01
4,-2.594279497959964820e-01,-4.410667155421950092e-01
0,1.994828106822412253e-02,6.734164247615211096e-02
1,-5.755096409140118829e-02,3.408972595318401216e-02
1,2.664927696842532834e-01,3.177589201649717032e-01
3,-3.412096363555088829e-01,-1.283416894571446365e-01
2,-2.460310260076802036e-01,4.886198460564822321e-02
2,8.374671201074892490e-01,-2.340779571759258326e-01
1,3.782044554368617084e-01,2.816761487072315662e-01
4,6.942379558005817852e-02,1.063801373476534577e-02
0,3.202016577955532628e-01,-2.360071140481741214e-02
1,4.758205816662158805e-01,-5.612269977075134975e-01
1,3.632713867705724686e-01,2.449270234363874754e-01
0,3.693811361209841659e-01,-6.220294126326089690e-02
1,4.407400343002318421e-01,2.101893423133197325e-01
4,-7.433702755143861696e-01,6.039211790267384056e-02
0,3.197937387710182988e-01,-5.456072230033724019e-02
1,5.814116391775228099e-01,-3.440581087052878573e-01
0,2.322524100416262782e-01,7.527717047103422987e-02
3,-3.899734042144148427e-01,4.760451332147947467e-01
2,5.808646999685157519e-01,4.461689249700228066e-01
3,-2.075363359222979764e-01,-2.086854673781131653e-01
2,7.429984234039798130e-01,2.562727836903461176e-01
4,1.700040570419184272e-01,-2.066063569300207459e-01
3,1.197605740353903728e-02,-1.167103162879984564e-02
3,-5.953110960937672835e-02,-1.846192336626365227e-01
3,4.506167546561977155e-01,7.592977911392777557e-01
4,-4.720311445659216010e-01,8.087856846586254367e-01
0,8.675776485303178520e-02,1.061885676767932996e-01
2,-2.282954542854004343e-01,3.369901218797233949e-02
1,-7.251947367438749126e-02,1.978292255928195686e-01
4,1.635900726520259363e-01,-1.042425180970206616e-01
2,1.288694661570506106e-01,5.400202543708096936e-01
3,2.284379431565280658e-02,-8.736379265052671150e-02
4,-7.563467658648931335e-01,3.867647587764289074e-01
1,-7.658864948062361899e-02,5.388557898198298446e-02
2,-2.102385061730539240e-01,-1.397308422602657960e-02
3,1.278186760128004751e-01,7.890453721877536131e-01
1,-5.507352582362725624e-01,-8.145707447558669934e-01
0,-8.404290551826674172e-01,-2.232099247380261997e-01
1,5.454745883674759765e-01,1.200478172816615424e-01
0,1.853614693124922275e-01,1.135786287131657357e-01
4,1.575175215744051560e-01,-4.521894796147923196e-02
0,3.406958088219041447e-01,-1.734655725955469574e-02
1,1.097408417724957119e-01,-8.221395612672079967e-01
1,2.370606617201170309e-03,2.708926375327450065e-01
3,1.518282472759093504e-01,8.086119980316075484e-01
0,3.488785313777236774e-01,-2.363592109192745871e-01
3,-4.885660487874107227e-01,3.517318147803883410e-01
1,4.489512209583764596e-02,2.840999984623460151e-01
2,-1.529392706306220429e-01,4.248133232662027470e-01
1,7.517477736421812606e-02,2.845517665928551376e-01
3,-4.865514963569761431e-01,1.222402494465923556e-01
2,-1.260036828450460944e-01,-3.370911484543503978e-02
2,-2.603428729510755546e-01,7.490012916384615471e-02
4,-7.581040028154631960e-01,2.533940295739978144e-01
3,-4.959212872396965288e-01,2.848490042061172511e-01
0,3.076749120010239258e-01,3.271809618533701777e-03
2,1.046445744894867885e-01,5.758534557864676273e-01
4,-7.151234833071796748e-01,4.068213166171963935e-01
1,-2.182709545025103004e-01,-9.381538506689985901e-01
0,-4.106399092690862784e-01,-6.425300544284460180e-01
0,-7.229986514295336786e-01,-3.996155774821915085e-01
3,4.563907337258606978e-01,7.401696869407424773e-01
1,-6.628895600840271907e-02,-8.804512306296051749e-01
0,2.809631272063047719e-02,-5.913061127686862761e-01
4,5.324676834854711466e-02,5.318299147325268594e-03
3,-5.041434235039540246e-01,2.480737293453896541e-01
0,-8.114720763561097949e-02,-6.133847293134729872e-01
3,1.235396992252582940e-02,-1.581326932232837018e-02
4,-4.624900250454512252e-01,8.027201229487995748e-01
4,-4.986587915108480762e-01,-3.251808792719511065e-01
0,3.649439474255185001e-01,-1.316387976072844468e-01
4,-4.278825194001571047e-02,9.823461652455408588e-01
2,7.328019732595836278e-01,-6.404728237502257393e-01
2,8.613773067235751535e-01,-1.414230464389437669e-01
2,4.041206035967770949e-01,5.161307038643943024e-01
1,5.245680715284228857e-01,6.375412525282456166e-02
0,2.887468144181035146e-01,7.229160263946267373e-02
3,-2.418899838375840881e-04,-1.371235324690061597e-01
1,-3.089930997730068116e-03,1.279798280120428549e-03
1,3.684525189100799625e-01,2.492068674225206004e-01
3,2.638144982482249976e-02,-9.333312765313328541e-02
0,3.775878021470205348e-01,-2.222224086931963438e-01
2,-1.936581738068970659e-01,-1.116808700183048210e-02
0,-6.839887523662199209e-01,-4.866833429769792940e-01
2,1.656296666351848856e-01,5.123549960063670250e-01
4,-2.050085712628723494e-02,-3.773699707883988452e-01
3,-4.329556924529693318e-01,-6.711717833903142749e-02
4,-4.123162688666522913e-01,8.333426052543431162e-01
1,-5.461566117031860929e-02,1.545110106517173509e-01
1,-5.154165279919715320e-02,3.716778415519531725e-02
2,7.494079298190058358e-01,1.877771895861858054e-01
1,3.690543678569916941e-01,2.658701557051683095e-01
3,-2.765123409377497343e-01,-2.110069005426397637e-01
1,3.820211221871450680e-01,2.343239796505708072e-01
2,6.202346511737150125e-01,3.571592857610833005e-01
4,1.619606391436449744e-01,-1.240572841115380048e-01
2,5.594605871128416341e-02,5.321844633706450667e-01
3,-3.112609204207493832e-02,-1.846864201833629815e-01
2,7.849815815036899069e-01,-4.326608113125024468e-01
1,4.493468513723090640e-01,1.994896310111564652e-01
0,-9.219714104071353722e-01,-9.069364611347170702e-02
2,-3.747779312610273472e-02,-3.334914383184108683e-02
4,-5.738956980048847134e-01,-2.649585191260510619e-01
4,1.168797353946836037e-01,-6.437005089392435278e-03
4,6.006637550528062808e-02,-4.018839288041114143e-03
0,3.861591804570428388e-01,-1.601730899123284813e-01
3,9.412050683608874299e-03,-1.267413030982792177e-01
0,3.689106582522078681e-01,-1.304761236990200635e-01
4,-6.509926372930464611e-01,-1.537233701541110553e-01
2,8.304079446396517294e-01,6.275649739718604236e-02
1,2.332674880858072453e-01,-8.133649920933925248e-01
2,-2.028976105374707406e-01,2.130769840066480680e-02
2,8.228684906390544285e-01,1.482726294589655214e-01
1,5.188038229878972896e-01,5.526584370102033406e-02
1,5.488731723245063865e-01,-3.644702051037427837e-01
0,3.688403729164929090e-01,-1.090218940839987050e-01
0,-3.557931367915452836e-01,-6.363911254804891504e-01
0,-5.777715761454214061e-01,-5.278791303971321902e-01
1,4.144816440067241037e-01,2.105258122120339248e-01
4,1.351390984239213000e-01,-2.652135417469371759e-01
3,4.243541248518998277e-01,7.666452672153349912e-01
0,7.956155094048714127e-02,8.586190769134113832e-02
4,-3.433248079439223943e-01,-3.972919277853283471e-01
2,-2.137678157900379516e-01,3.357111802761160724e-01
0,3.205497127618439079e-01,-6.836646165367907257e-02
2,8.653336057838570960e-01,-1.754603827277776973e-01
3,1.795665703915419464e-01,7.686004430679420629e-01
3,-1.016599740287256470e-01,7.321059003330098180e-01
3,-5.004582475871213187e-01,1.217300997271445612e-01
4,1.191280941214820505e-01,-5.311995580910253145e-02
1,5.221397804274040544e-01,-5.040701866682869570e-01
4,-7.175123772609812711e-01,1.471274881037356597e-01
1,-3.133058846718128621e-02,2.387557806532269178e-01
3,-4.289078003379712123e-01,4.176536092599077432e-01
4,-3.396977208118260455e-02,-3.898270734727793951e-01
0,-9.379748993574343885e-01,-1.266616731673707863e-01
1,-9.039677732746677352e-02,-9.253610246563348518e-01
0,-3.667152717451787058e-01,-6.107351753933644156e-01
1,-7.704590483937998058e-02,1.093655342470055969e-01
3,9.076073175972478868e-01,4.198201484492240509e-01
1,4.237129972265851197e-01,-6.056245500334278553e-01
1,-3.167923637310706697e-01,-9.025388832126804983e-01
4,-7.180196848693456424e-01,1.266102401799181765e-01
0,-1.507192004339806823e-01,-6.551270253946609445e-01
3,7.289272404435993662e-03,-6.894673501386341767e-03
2,-3.890152612855961312e-02,5.102248327545442219e-01
1,-5.464102951232926303e-02,-9.181079031296327519e-01
2,-5.155053882713560298e-02,-5.250096794880679263e-02
1,6.151897247496237453e-01,-1.591861105451722325e-01
1,4.003675190891434199e-01,2.087166255570128692e-01
1,-2.114633508116125007e-02,1.004613437364510961e-02
3,-3.903659476742328271e-01,4.929064423141223950e-01
4,1.500355103072947283e-01,-1.926062823770255950e-01
1,-1.524277706696679918e-02,6.877257992838394299e-03
4,-2.042004404296222930e-01,-4.435465224589453803e-01
4,8.562746673507658224e-02,-3.715312078717205591e-01
2,6.026205380922210475e-01,3.923020125284211179e-01
3,-3.644323844526529133e-01,5.041473736404255002e-01
4,-7.377452253140515115e-01,2.898509019692239175e-01
3,-4.802181434760273704e-01,2.580302388285786730e-01
2,7.876290823792263529e-01,1.150440398741453957e-01
4,1.405526953306627802e-01,-7.038349031508620013e-02
3,-2.985002716901927200e-01,6.097894840084490120e-01
0,3.308998025889761663e-01,-1.161752329036225967e-02
0,2.236659254174034883e-01,6.915767585008167351e-02
4,1.447655581631699107e-01,-2.485383557602549864e-01
0,-2.506530395671446310e-01,-6.775296383753528495e-01
2,7.044804213185845709e-01,-6.859607560607904331e-01
1,-5.736962737988834243e-02,1.096437580201150563e-01
4,1.344756382886976021e-01,-4.059095493701052326e-02
4,-6.921089831959766903e-01,4.195904285608996753e-01
4,5.084921823866603990e-02,-3.339434474409626041e-01
2,-2.574209193803947970e-01,7.323862009933936046e-03
2,5.218289211807084493e-01,4.549555119435089168e-01
1,3.347720070424206051e-01,-7.332094186039596062e-01
0,-8.435518839989799567e-01,-2.826048563784525625e-01
0,4.334792835648371839e-02,-5.970907767046698122e-01
4,1.401067704272395131e-01,-2.435064363499515327e-01
4,-2.878401011512083940e-01,-4.471354917227755021e-01
0,3.452163920846229028e-01,-6.439263048008653234e-02
2,-1.915751093754259893e-01,3.828356654915885393e-01
4,-2.196992991404579099e-01,-4.695372508035769443e-01
0,-7.590608800799863998e-01,-3.739022755923576136e-01
2,-2.166919641075628067e-01,1.742331476085599851e-02
4,1.133066378293328541e-01,-9.597393233362056311e-03
0,3.878228493986035086e-01,-1.812666731336513570e-01
1,1.702303885838122310e-01,-8.083571454115773269e-01
3,-1.044649950480641167e-03,-1.304305992497874489e-01
2,-1.083591229067181749e-01,-5.248602314087685156e-02
0,2.707515505201691375e-01,9.057523729199250945e-03
0,-2.813712340466288375e-01,-6.617269909981643439e-01
1,-5.814440801024625682e-02,1.351830853800009280e-01
4,-2.563057051180073209e-01,-4.312567943997390740e-01
4,3.214077985138262539e-02,-4.034039084598300962e-01
4,-7.100970236249921630e-01,3.952950602341923636e-01
0,-1.324730612509427419e-01,-6.829222760408004689e-01
0,3.316186254076719520e-01,-3.897073209182241316e-01
2,6.139575155975086906e-02,5.416822234150840965e-01
3,3.060847320115522852e-02,-5.947557693463006306e-02
4,8.133824073997189541e-02,-3.416209285412640795e-01
4,1.143107823141264329e-01,-3.249624924080500854e-01
0,-9.363908860223167929e-01,-1.094503189927143426e-02
3,-3.619250577000877600e-01,-1.487593534416825347e-01
2,-2.391963145421883430e-01,6.353923499191346802e-02
1,9.271509265623747997e-02,-8.444236617121869681e-01
2,7.106012241903112425e-01,2.264784197276549227e-01
1,-7.394742124566830443e-02,-9.066885040669548923e-01
0,3.505259310039374188e-01,-3.002487688119850340e-01
1,5.981698969973447966e-01,-2.681364205943765899e-01
3,-8.625413868782891291e-02,-2.068143850613937684e-01
1,-6.313515112054605624e-03,2.209469566205313033e-03
3,-2.824888461708546794e-02,-1.783790496049659502e-01
3,3.358923332911989412e-01,7.656850958256047335e-01
3,-3.880915827826770803e-01,-8.822470744220697880e-02
0,1.785971091275162514e-01,9.149359847557907155e-02
2,-1.686044098315281955e-03,-2.888392720366908528e-03
3,-2.406175031664055664e-01,6.527136923949948821e-01
3,6.862927334955765124e-01,6.371420321247884822e-01
1,-6.769874060434465102e-02,6.945454724466466889e-02
3,-2.292098097874798943e-02,-1.622687631328285918e-01
0,-7.718292608764232288e-01,-3.548619462842230732e-01
0,3.292707874800889223e-01,-5.862013815716881487e-02
0,1.968384530496796736e-01,1.204535647908833301e-01
2,-1.512275912737693490e-02,5.215199156151358872e-01
4,-7.207050616466751380e-01,1.640061393326186223e-01
2,-2.412901257559671997e-01,2.363957366301430441e-01
2,4.510888107475147929e-02,5.667696111955620175e-01
3,-2.892189508964553846e-01,6.290010646022438090e-01
3,-1.277631448417488325e-01,-2.001573698577143179e-01
1,5.737215681603811124e-01,-4.334696577524205785e-01
0,3.444979240503686091e-01,-2.308902509058790298e-01
2,-2.500236057759762098e-01,1.793397690636323871e-01
4,-6.323509379346357040e-01,-1.116990251905665282e-01
3,-4.490612372132789520e-01,7.233305856586874638e-02
0,1.286446729338759296e-02,5.881008431231705275e-02
1,-7.523877454898511563e-02,1.530776309712154337e-01
0,2.805794365006789581e-01,1.415879501813792005e-02
4,-5.871227360361450653e-01,-2.761639439350373482e-01
0,-5.006626389008909106e-01,-6.058542059357141518e-01
2,3.698315183111580140e-01,5.290325779423086239e-01
2,8.393833070870313495e-01,-1.509189228309492092e-01
3,-4.756401850511068341e-01,4.264114525772229602e-01
3,-1.372336364539170593e-02,-1.465158969053356741e-01
0,3.769657582601725343e-01,-1.168097413358043651e-01
0,3.002171764275486376e-01,4.997245462979079539e-02
4,-3.318732085886336169e-01,8.863973514712417678e-01
3,-5.037538668705644485e-01,3.569217736002604224e-02
4,-3.743941096492989784e-01,-3.962551200090725367e-01
3,-1.866452527865567201e-01,-2.232196947485226568e-01
1,4.629061131066098955e-01,1.445485065918116763e-01
2,-1.387988670897750965e-02,5.182088002725691034e-01
0,-9.158987822805787493e-01,1.148931091672280302e-01
3,9.563494417821025162e-02,7.700034991115790595e-01
4,1.174786110632297514e-01,-2.843823696287661185e-01
2,-2.598931660081129844e-02,-3.058227690430278742e-02
3,7.739071417507430439e-01,6.065497166959167297e-01
2,7.108456083187051355e-01,-6.745127292566858168e-01
0,1.130447111182768943e-01,1.365324997462240564e-01
3,1.665310949693081174e-02,-9.894278867993534787e-02
1,4.209175180955538331e-01,2.270724605000725704e-01
1,-1.298178403623139994e-03,2.642108575953734939e-01
1,2.947248307313146132e-01,-7.824542157108422824e-01
0,-2.631124143773697632e-01,-6.403606782344725135e-01
3,-3.967795748297281433e-01,5.175874629976874308e-01
3,-2.855444712384990202e-01,-2.044140972858649874e-01
3,-5.188221893572629584e-02,-1.973060914702184643e-01
4,2.482624985029902379e-02,9.976621658487287020e-03
3,-2.192203671877689664e-01,-2.159096728335196946e-01
3,-6.128424296470578320e-02,7.432972595048011888e-01
0,3.762528574254685454e-01,-2.178754325374171741e-01
0,3.358683307195493156e-02,-5.876697582279476473e-01
0,3.111959529094838750e-01,-4.229301106871819482e-01
4,1.471390991993373198e-01,-6.419976086611295374e-02
4,1.918462932538080867e-01,-1.717968813866018185e-01
4,-3.356289216439741763e-01,-4.081537420015948214e-01
1,1.969202310970802061e-01,3.028048247056076003e-01
1,6.136782710208067426e-01,-3.346569947017610236e-01
3,-4.749570839373106756e-01,4.221544547269210357e-01
0,1.361322258536823149e-01,1.082301426405485323e-01
2,4.975352106082341908e-01,4.765805492320249193e-01
0,1.043993621847259939e-01,1.263221913723339696e-01
4,-7.017166687371206857e-01,-7.473894097153362115e-02
1,-4.502068727588173086e-02,3.472410906665723829e-02
4,1.551985154065545491e-01,-1.662390969292572851e-01
1,-2.132636972428226252e-01,-9.152821303736045078e-01
1,-6.841409848748380984e-02,2.133810615711866365e-01
1,-5.849605492444456822e-02,1.013928949124566770e-01
3,-6.536108837405009420e-02,7.664488922673973192e-01
2,1.235033274525791785e-01,5.103525524000587232e-01
1,5.504516375878394374e-01,-7.233401077766309084e-02
4,-7.147129727850526359e-02,-4.085106868904665456e-01
1,6.032574505277126242e-01,-2.731282357906379965e-01
4,-4.487490619507190082e-01,-3.652352955185385608e-01
0,5.682418453228090666e-02,8.269228222706395681e-02
2,-2.085450940817721033e-01,4.821810925962671107e-02
1,-7.469328279593193121e-02,1.228942992320768146e-01
3,6.873349143220741642e-01,5.648150152047849426e-01
1,4.883282868390196874e-01,-5.681390699187892634e-01
4,2.639717524067489857e-02,-3.870607793839674349e-01
4,1.576783451012165327e-01,-5.569050643936108991e-02
2,6.890185569240125929e-01,3.266855279051959493e-01
2,7.824610958169780917e-01,-5.022143335639747130e-01
4,6.999913875006674724e-02,-3.167728339825398032e-01
0,2.935538378087225730e-01,-4.672825048191545649e-01
3,-3.268818970245386535e-02,7.350594881687751991e-01
3,1.827069613947937890e-02,-2.801316446658690812e-02
2,-3.030954389533072404e-02,-3.117195401477080782e-02
0,1.772500954206758170e-02,-6.117834170629939949e-01
0,3.138886498532967306e-01,-4.922976031100383121e-02
2,-2.707224755819696016e-01,1.663099366296982573e-01
4,-7.521677055487481223e-01,2.037067942498337336e-01
4,7.354033267335229052e-02,2.372584924154639164e-03
4,1.040382632246211331e-01,-2.428684877122900820e-01
0,-1.309155836467517653e-01,-6.695963401548071792e-01
4,-2.193231166465523796e-01,-4.474683520552814597e-01
0,-8.927179180887295784e-01,-1.915805624744618962e-01
3,-4.896812593160682070e-01,1.485091679633388229e-01
4,1.770489398160345895e-01,-2.557294609672776664e-01
0,-8.712952426861707567e-01,-1.429447280535977305e-01
1,2.791312557401553485e-01,2.836977576558378789e-01
3,-4.906087045919150791e-01,3.252490108672749791e-01
0,-1.109754487853430588e-01,-6.765777793095656412e-01
1,5.499027606040903793e-01,4.619251976557946227e-02
2,2.441188800255868485e-01,5.356209410642482904e-01
1,-8.664711569621794118e-02,8.359880073173382720e-02
0,2.138049294063932571e-01,-5.627606113774978880e-01
3,8.554104355009998703e-03,7.524597404384060217e-01
2,-1.441794350355565801e-01,-2.945384980857905857e-02
2,8.334762116768215101e-01,-1.642096630363963083e-01
2,-1.902390294506759727e-01,-1.228767855155818781e-02
3,-2.923173174039784272e-01,-1.554999425934531776e-01
1,8.300077036223728333e-02,-8.689546678174339123e-01
2,-1.416604469597399774e-01,-5.082392265896733263e-02
2,8.427330523681607621e-01,-1.134140277393980677e-02
0,3.540400463020673422e-04,6.679587148899534046e-03
1,1.098435919582652492e-01,-8.625995899619315344e-01
0,2.203653850881196474e-01,-5.386028472821972057e-01
4,-4.922285186987296335e-01,-3.166524512631432309e-01
1,6.149032210246283547e-01,-2.716647300542568422e-01
4,-6.412560373525910684e-01,5.101017212292136005e-01
1,7.514299600191833017e-02,-8.528834664655138287e-01
0,1.637444627141723397e-01,-5.409791588992493017e-01
3,-4.948707752354807865e-01,1.946406627782088505e-01
0,3.030465052695833217e-01,-3.913710014035082785e-01
0,-3.444005825697335488e-01,-6.502070498069006943e-01
3,-1.169164910636756177e-01,6.891493731719261495e-01
2,-2.292569030805900743e-01,1.244757102675365518e-01
1,3.114871681836035577e-01,2.985206886702262974e-01
3,-4.594716147439270038e-01,4.363011258177307977e-02
0,1.406097025008489487e-01,1.185968891600158309e-01
2,7.890845658734763068e-02,5.427892797022509930e-01
0,-9.391126375029371642e-01,8.710743672960995221e-02
1,-3.557913171253433704e-02,2.415408034905303369e-01
0,-9.179135604095383094e-01,2.919067534689656074e-01
2,-1.632640011562823401e-01,-1.419115161386109471e-02
0,1.948977870176542004e-01,7.079643017285146278e-02
1,-1.615533373970361730e-01,-9.122264731026815676e-01
0,-6.081220492009803413e-01,-5.340960078825609525e-01
4,1.711100647046230327e-01,-1.340907340677530424e-01
3,3.469486855404314007e-01,7.717531606431641267e-01
3,-2.160445789071304690e-01,-1.795829379096045564e-01
4,1.052910612311749455e-01,-1.917819090399527568e-02
4,1.232454165589563500e-01,-2.635793045908396137e-01
4,-6.795404679002099435e-01,-6.101558224130650132e-02
4,7.685350525596375271e-02,-3.270855115281208654e-03
2,-1.968522049443196253e-01,3.763788804183594849e-01
0,3.660264607650941526e-01,-9.409043530310853831e-02
2,7.433878164821291490e-01,2.337247731840693399e-01
4,1.882870310389568314e-01,-9.456992388280628659e-02
0,-4.562105904658969036e-01,-5.984486033309022179e-01
2,-2.273065743088916457e-01,6.868853735644593617e-02
2,-6.753543756201257908e-02,-4.338024464456292223e-02
2,-2.557795932100126457e-01,6.622584265806528980e-02
3,-1.772325000531537603e-02,-1.494544738591892519e-01
3,-3.774843970054641007e-01,-1.151226675725745552e-01
3,-4.856652912508738762e-01,3.266296287624667061e-01
4,4.193795260594245650e-02,1.147027896189495473e-02
0,-1.524148765563018426e-01,-6.409914157851561711e-01
0,-6.639257793732810109e-01,-5.027109427591517354e-01
3,-8.990511559909854233e-02,-1.868538254858889691e-01
4,-2.451041013848581918e-01,9.625958629101574182e-01
0,1.809729891653643064e-01,-5.566026111184314562e-01
4,-6.119914198007750938e-01,-1.442526813220422477e-01
2,7.295346861845153352e-01,2.101421401150273260e-01
2,8.576250632325997936e-01,-1.953792657173546166e-01
2,-2.318488448590125539e-01,3.678070553452422731e-01
3,-3.225349844719651027e-01,5.436271450522436322e-01
4,-6.402580009993849020e-01,-1.240987711893798140e-01
4,1.811021491386672344e-01,-1.261994404810211912e-01
2,3.352017533345580946e-01,5.437831342418653069e-01
1,-8.157676038521026463e-02,7.433911463789238949e-02
2,8.204916570832808675e-01,-3.075952367629024575e-01
0,2.408640814966035715e-01,8.119281175867920641e-02
1,5.187742437553298780e-01,-5.859604547462931023e-01
0,-9.616121768890680821e-01,2.207377116199106537e-01
4,-2.361866353020504183e-01,-4.463829781885081949e-01
3,7.098514362330052459e-03,-1.133931255342719019e-02
0,-7.503215416850410602e-01,-3.689375416200615376e-01
4,-6.805559894274242350e-01,4.255956302241866163e-01
2,-2.522200564844969684e-01,2.678251021286064959e-01
1,5.471077974011195888e-01,3.898467267505727196e-02
2,-9.973187978380051999e-02,4.094330939206661801e-01
4,-6.641024912079468434e-01,-1.042860391102949785e-01
0,2.397336447942556292e-01,-4.253928972264782171e-01
0,2.846040030396972953e-01,-3.801922369099955401e-01
0,2.387055437622541687e-01,1.052263913373319981e-01
1,2.842714902631666707e-01,3.155971673510021835e-01
0,2.694191434378918615e-01,5.123486917485114978e-02
3,-2.616760905360122624e-01,-1.802089827083908080e-01
4,-2.919363678395924255e-01,-3.872331306099966453e-01
0,-5.907224637625412278e-01,-5.335182033693125492e-01
1,-4.985362440411158502e-01,-8.630085953939758969e-01
0,3.302738270447949653e-01,-1.377775150366403190e-01
0,1.106064512685842483e-03,2.003638392527307827e-02
2,1.927941478103564754e-01,5.490759024175105862e-01
1,2.683630878544104870e-01,2.708297519832935096e-01
4,-5.092747514098507067e-02,9.853068092468920680e-01
2,8.796840157535407156e-01,-1.079897559813338681e-01
3,-2.969934125286926019e-01,-1.678375706215158025e-01
1,3.870680863536989785e-02,2.816335097194774817e-01
4,-7.477074221601018866e-01,3.889231746982083071e-01
2,6.051582821682619517e-01,3.758470413839413715e-01
0,-8.808511053872609686e-01,-1.830285095405883022e-01
0,1.139870273059279543e-01,1.082397961916299195e-01
2,8.295479796319412680e-01,-1.286523967258690060e-01
3,1.296726271130468344e-01,7.921319997254647749e-01
2,-1.003057388869704192e-01,-4.604161754793840294e-02
4,-5.537894548383599513e-01,6.704184566422812797e-01
3,1.748529178160711413e-03,-1.538362171238215337e-01
0,-2.237616499033466197e-02,-6.216710098007709462e-01
3,-7.579373095042850339e-02,7.385961764143664787e-01
2,-5.332221557302239782e-03,5.284011899750654662e-01
3,1.268668353347452565e-02,-1.967588280457959610e-02
3,-4.097907524632380949e-01,-3.602546604138429087e-02
4,-7.672521652538702441e-02,-4.245610658742970389e-01
3,-4.861802288703845898e-01,4.538857248929371868e-02
4,1.084914675198361406e-01,-2.026507526470256587e-02
4,-2.202736314259324257e-01,-4.055826411198122372e-01
1,2.921469750537572518e-01,3.036973019465251111e-01
0,7.547786351923366222e-02,1.022498739739694656e-01
2,-1.972556886498240125e-01,3.685375484262258527e-02
2,8.046422097849821320e-01,-5.233489045961035036e-01
0,-5.249035819212451853e-02,-6.299238456693366794e-01
1,-7.105257434483579215e-02,1.093835645476470692e-01
4,-3.851465997762255067e-01,-4.044948722413801434e-01
3,-5.120571379624079267e-01,2.764984945840984198e-01
3,2.851603678636486366e-02,-7.144225226931395778e-02
3,-4.514905665049238626e-01,3.612268340647840307e-03
0,5.311526455070781846e-03,2.962799049223897169e-02
4,3.153200038799485426e-03,1.114848296337787089e-03
3,8.414674277282506443e-03,-1.603144318683310532e-01
3,-2.691871769997322000e-02,-1.819661869502119389e-01
0,1.258560149367886905e-01,1.151255740642514180e-01
3,3.191722063547247894e-03,-1.203590256379926948e-01
1,-1.838866057722172986e-02,8.033506188638661269e-03
0,-4.429085285097522084e-01,-6.166138279115941367e-01
1,-8.798517029283355051e-02,1.051738155440029021e-01
1,-3.161928124145087504e-01,-8.814588989433023158e-01
0,1.376677142262126841e-01,-5.516431852078973463e-01
3,-2.215260275718212157e-01,6.664902790022709800e-01
0,3.139042054491142930e-01,-1.731280728108598038e-02
0,5.588456810875284259e-02,7.514247732665939317e-02
2,8.379508191286804131e-01,-1.175361905224104331e-01
0,-5.881229448726017495e-01,-5.009829537208556616e-01
4,6.350626452968091695e-02,-2.222727551088347995e-03
0,-9.318576858426739218e-01,2.807942722201857699e-01
4,1.359293751204271039e-01,-1.781436815844780475e-01
3,2.271523682309646228e-02,-9.084874719862678916e-02
1,4.235284413872557607e-01,2.292757588848164663e-01
2,7.200643476491446204e-01,-5.775624132176291337e-01
0,6.465914656217773386e-03,2.250076111771761450e-02
1,3.445412337234524114e-01,-7.138437511881535746e-01
0,1.441896673965007702e-01,-5.361329632231203179e-01
1,5.022870491514762614e-01,1.282214186073920292e-01
1,-5.310951609787728511e-02,5.092336387925453650e-02
3,8.406065930550878917e-01,4.838242624650896384e-01
1,5.890589360848094147e-01,-3.442495005209365577e-01
1,1.961000530817011978e-01,-8.299913413199980772e-01
0,-7.971785324951732310e-01,-2.735580601983421678e-01
1,-3.877699084988626144e-01,-8.707361152070259847e-01
2,-2.601224606151757990e-01,1.446965933679538185e-01
3,1.822366481602437013e-02,-8.160190742872319714e-02
3,7.563606921193031241e-01,6.017868617962995881e-01
4,-5.586875228936958315e-01,7.348055917588445229e-01
2,8.193763249149270678e-01,5.958994131709822312e-03
3,3.119987306975908342e-02,-8.116652384695789701e-02
3,-4.237631842143443905e-02,-1.686712611232768499e-01
2,6.223024571072824918e-01,3.668964554196780248e-01
4,1.441193143721656439e-02,8.481459925170750994e-03
0,1.823078044258225755e-02,7.128427830443409552e-02
4,-6.048180565170345746e-01,-2.055612585956450578e-01
3,-4.672350254576297657e-02,7.711610937504241869e-01
3,1.622239455162022975e-02,-2.535476383054439259e-02
0,3.551438933534889486e-01,-2.895074062276631888e-01
3,-1.436312570587820747e-01,6.977446574425474335e-01
3,-1.834561506734361802e-01,6.918075011894802007e-01
0,3.485126821668576014e-01,-9.490653111975018430e-02
1,5.616574286632280977e-01,-1.555954629890173718e-02
3,2.735484427301357879e-01,7.830247505880583159e-01
4,2.827975609221424283e-02,1.030948734205494599e-02
1,-5.664383536734934194e-02,4.152477144837027345e-02
0,-6.744062759691460407e-01,-4.164825780023473367e-01
3,5.241092677376235631e-01,7.353479421155265650e-01
3,-2.691237338796624579e-02,-1.548696872608537056e-01
4,-7.217130493057384300e-01,7.646553376778479627e-02
3,-2.475767048886262298e-02,-1.687622352641654500e-01
1,2.332130020686039029e-01,3.100395998322804103e-01
4,-5.527230558199921484e-01,-2.705465734713358716e-01
0,3.683568036993590811e-01,-2.246154996334371046e-01
1,5.947623649421892589e-01,-1.443982500064100449e-01
2,-2.671836346757220926e-01,7.530078997626511728e-02
3,-1.427217246894838254e-01,7.115807843767555374e-01
4,-3.881416592429418055e-01,8.190388020795837942e-01
2,-4.235097583942385065e-03,-5.177468231540851770e-03
3,-2.107108400914285973e-01,6.734932325933444819e-01
0,2.679341575444337820e-01,9.501019972929587720e-02
3,-2.550184314197062596e-01,-2.005255779478353206e-01
2,-2.490784394481554143e-01,1.862896006186813835e-01
0,-2.403116332914924935e-01,-6.563890944635479840e-01
3,-4.438279705289420174e-01,4.214378458713695652e-01
2,-2.585125275635035691e-01,1.182663262487466532e-01
3,-7.454054445890681557e-02,-2.395046273660785818e-01
1,1.057278015876263882e-01,3.031628724057112700e-01
3,-3.620192616706195965e-01,5.624627476737932286e-01
4,-1.008062043447543049e-01,-3.953782273436399208e-01
2,7.341374442706162240e-01,2.511844822274112432e-01
4,-4.153704695903800981e-01,-3.931211662159153630e-01
0,1.991111761061377383e-01,1.027944836006888102e-01
1,-4.471943777420748362e-02,2.273592437264343458e-02
1,3.549109705231851680e-02,2.753137948588886275e-01
3,1.079104792812711662e-02,-1.232744138217401614e-01
4,1.034858270332494612e-01,-6.324877915340189512e-03
3,-4.497470229882674642e-01,8.757475983486520676e-02
4,-4.700529587718321745e-01,8.060677233453851231e-01
1,-3.695836759270353100e-02,2.290061643547106757e-02
0,7.768983216477214071e-02,1.089090515607462339e-01
4,-5.210972462782312853e-01,-3.014460374224420813e-01
4,-7.319608632092557965e-01,2.862790449389543967e-01
2,-2.425119715376556073e-01,2.399218223890645374e-01
0,-3.057331231174012509e-01,-6.655807739916317356e-01
0,1.702975643144328394e-02,4.361601321485097937e-02
3,8.847752109317274377e-03,-1.167219981968445758e-01
1,-1.941715965336721361e-01,-9.400215703956826818e-01
4,-7.518024557793620000e-01,2.615105542884007539e-01
0,3.537465996079837138e-01,-8.808489348555505194e-02
2,-8.499576249205537115e-02,-4.672016663893455851e-02
0,-8.209840330057994739e-01,-2.655948937353264649e-01
1,6.024201426501543111e-01,-2.124859624865516050e-01
1,-2.279169036057528824e-02,1.401479617596094324e-02
4,-7.479457997702194660e-01,1.302215727310563897e-01
2,-1.564366124941698744e-01,-1.537797597204776379e-02
4,1.586760333895727570e-01,-8.624964491423429969e-02
0,-8.754124438211030590e-01,-2.473970851065566134e-01
2,-2.666948958901852462e-01,2.582461671979861539e-01
2,-5.824755660254881534e-02,4.915441661189005607e-01
3,4.486941628715240826e-01,7.720626503361526227e-01
1,1.342343601861574753e-01,3.245025497118351199e-01
2,6.201664154258745842e-01,3.833745400468221431e-01
4,-5.790944640521741849e-02,-4.140299836972669012e-01
0,3.626216187066808039e-01,-3.118317190470278333e-01
3,-2.850483005256891356e-01,6.272302384839995026e-01
4,-7.087771107071482168e-01,7.150211417525233204e-02
4,6.218437568945046207e-02,-3.490186588352873209e-01
3,6.811773386978667855e-01,6.474721739097472062e-01
4,1.184664144037951700e-01,-2.149862322489956915e-02
0,7.843586244879892366e-02,1.205400794776965157e-01
3,-3.976552469081193197e-01,4.827194367659232710e-01
0,-8.266238013153188735e-01,-2.230465608732578042e-01
0,-4.834711073790713964e-01,-5.590791428336264746e-01
1,2.797204443301180010e-01,2.639800505845120715e-01
2,3.736912289834863361e-03,5.150366105861710064e-01
4,1.583047041519146103e-01,-1.769915662724818595e-01
2,6.444434241918171047e-01,3.687298123033091457e-01
1,6.115018734205194262e-01,-1.311991190075702807e-01
1,2.479509322033968677e-01,3.365927310605271172e-01
3,1.475962892172571518e-02,-2.231656370140859547e-02
4,1.498878324490175162e-01,-2.296635024419568516e-01
2,5.994938502905203803e-01,-7.878076566311201789e-01
0,-8.681804723742765351e-01,-1.782369836963186016e-01
2,3.144645634491449182e-01,5.250763408222449691e-01
1,5.596046164331610617e-01,-1.005250048161119014e-01
0,1.237536626015228597e-01,-5.823128245091697686e-01
2,-1.179545850903417903e-01,-3.741314841932037033e-02
3,-3.693564285021279092e-01,4.963884811175335865e-01
3,-1.125319968082378469e-01,-2.128907660359707077e-01
4,-2.900769478775742649e-01,-4.496728019888004968e-01
4,1.307362151703399533e-01,-4.136379709936506555e-02
2,-2.206589575469110054e-01,-5.823371418465474875e-03
4,1.661636683944404946e-01,-8.641494495548696086e-02
2,-2.273447494631157806e-01,5.588913323143950007e-02
3,7.058496083117212772e-01,5.896474322351008546e-01
4,8.656933151945242488e-02,-3.299701320390159842e-01
1,-6.423406313304175219e-02,1.543952012037656252e-01
0,-5.749599904473199352e-01,-5.210301724246521049e-01
1,-1.270583097974980168e-02,4.186976767376154179e-03
0,1.716986140527735349e-01,1.101864070804814272e-01
4,-4.870458036430426185e-01,-3.650983184419344663e-01
3,1.773135348870083158e-02,-4.333553179933385957e-02
2,7.565765195956795086e-01,2.249061232668108368e-01
1,4.426225532275356311e-01,1.527160654992502087e-01
0,1.782206317802507711e-01,1.123960985466716939e-01
2,-1.930504212297638467e-01,3.518572987247479134e-01
2,-1.266583666929066432e-01,-4.306448281747898843e-02
2,6.150603475490792338e-01,-7.585684667194566577e-01
1,7.524203798510162300e-02,-8.562321553096456928e-01
4,-7.269778345749527970e-01,3.073988001328727404e-01
0,1.384772116789583785e-01,-5.548882231407646914e-01
1,2.051493904930195289e-01,-7.933012032150817960e-01
2,4.006594799438258254e-03,5.518249198798529376e-01
0,2.876096462406884102e-01,3.012059695833738809e-03
3,-2.622029230720887005e-01,6.695535894137674138e-01
4,-1.206887583291054999e-01,-3.932690155871227389e-01
2,3.267276520491559921e-01,5.372070135104463073e-01
0,1.480520625875833274e-01,1.200935557558518024e-01
1,-7.639046934151633161e-02,1.373804646499304782e-01
0,-7.083428725870044573e-02,-6.584079955102716264e-01
2,2.989110378447044636e-01,5.379130192760468443e-01
1,5.454301015772285988e-01,-4.838268544342543276e-01
0,3.220453035920042839e-01,-1.019347414700808169e-01
3,-1.118870151764573967e-01,-1.979982635458117923e-01
1,4.041303468680569333e-01,-6.935176695310415473e-01
2,-2.344704204157429250e-01,3.090897600181474747e-01
4,-4.300894554980734807e-01,7.863933629011613524e-01
0,1.994504882296102843e-01,1.092772587376881765e-01
4,7.060550341208253478e-02,-3.269104387645794252e-01
1,-6.706496037483665462e-02,1.712851471836712436e-01
0,2.268766972096671608e-01,7.009535042671909133e-02
0,-7.715778979534151927e-02,-6.341190645283946159e-01
3,-7.277842239465655283e-02,-1.834127200513804290e-01
1,6.057460517865721483e-01,-1.260849563072412027e-01
1,-6.314813957636322694e-02,1.975084665973650677e-01
1,5.834104554301769996e-01,-4.679668798169878130e-02
4,-5.705302427255982689e-01,6.999445425442487601e-01
0,1.673627480765153830e-02,5.433712486715334966e-02
2,2.328543691107270996e-01,5.260155579859459030e-01
1,1.829163006340489561e-02,-8.626823553883378182e-01
1,2.998558610026865745e-01,-7.409565951733700917e-01
4,8.632370530619652704e-03,5.113921577310358811e-03
2,-1.845928172065887940e-01,4.083789380858685036e-01
0,5.329540693735346744e-04,3.301744564388731182e-03
2,2.780957324472893011e-01,5.301501693984359553e-01
0,3.871773021971191553e-01,-1.287616796844311962e-01
2,8.480439211197520200e-01,-1.593014057708928011e-01
2,-1.773620756117801761e-02,-2.431989052684924157e-02
0,-8.292953887269890467e-01,-2.502149502761779609e-01
0,2.264066953594300602e-01,8.201180930484280873e-02
2,4.686944917701974522e-01,4.725301306788442512e-01
2,3.356317011483515578e-01,5.356404113117749777e-01
3,-1.092792804853427446e-01,-2.032547089895539449e-01
0,2.248220594570169567e-02,6.299820076183122730e-02
4,-1.821247449694931853e-01,-4.386070597045187425e-01
4,-2.175692568188715981e-01,-4.408767675966372979e-01
0,-5.850608338954290666e-01,-5.688999513172476874e-01
4,-7.372618348664397026e-01,2.194560620733258249e-01
0,-8.602517082768587064e-01,-1.481159714857861187e-01
0,3.479156739234651741e-01,-3.660554244238528043e-01
0,1.582306565321763697e-02,6.154361661142559309e-02
2,-1.578709122604723958e-01,4.265733714041002322e-01
3,-6.898518500270565956e-02,-1.990892282641312239e-01
2,7.368533491018225412e-01,-6.255206355758836656e-01
2,-7.700950099842698848e-02,-4.715726837925782178e-02
3,-3.979813846077540629e-01,-5.179615148406972736e-02
3,-2.137951091235295864e-01,6.125938968151587449e-01
1,-3.471148687428331214e-02,1.218872844922187608e-02
2,-1.620115614212775668e-01,-4.142640446829122525e-02
3,1.846523635575335331e-02,-7.122390564449422590e-02
3,7.138101859861034626e-01,6.316818049030096249e-01
1,1.953471142619651324e-01,2.958385129502109634e-01
2,-1.085320562898877267e-01,-3.393076613564789679e-02
2,-7.396548537715158522e-02,-5.743329891632319162e-02
1,5.087831227432064729e-01,1.298173087257050162e-01
1,-3.643397382527707173e-01,-8.952572137345403691e-01
2,-8.956991620838411494e-02,4.902119803687478572e-01
0,-9.374291742599505373e-01,1.901588301273936799e-01
2,-1.772048968886897613e-01,4.319110722843251537e-03
1,-3.909378852836861012e-02,2.240394881058978549e-01
2,2.124761181931707210e-01,5.165345140320443118e-01
3,-3.848030945640208422e-01,-1.252769791465106752e-01
3,-4.990141485441699221e-01,9.703604123555518990e-02
3,-4.721371059329734776e-01,7.628900679989279732e-02
4,1.237355940632799967e-01,1.590779773558643638e-03
0,5.442606132606472163e-02,9.215104139437906017e-02
1,-1.959237454483628293e-02,-8.760351179502959829e-01
4,-6.907616211635658754e-01,4.711111421530526089e-01
2,8.050668911837245423e-01,3.918735699865432548e-02
3,-1.587017241109648924e-01,-1.899101736035494759e-01
4,1.588245532108102931e-01,-2.751806953701347314e-01
3,-1.715124190835632667e-01,-2.182677111019480642e-01
4,-7.196052883360931629e-01,-6.357347025303294874e-02
0,6.745043543689677179e-02,1.037471280462924361e-01
1,4.797489980117223274e-01,-6.267628683905627218e-01
0,-9.531658698906259053e-01,4.659263749344972651e-03
2,-1.210587230869676345e-01,-3.868759715559490914e-02
4,-3.553773725968273345e-01,8.736287395098113473e-01
0,2.489479515468742965e-01,-4.508897783030439976e-01
4,8.695323975198561428e-02,7.554929526952771290e-04
2,7.063097965762739072e-01,-6.984219978407122387e-01
3,3.732293849449220824e-01,7.705559703434986529e-01
0,3.582251681395172138e-01,-1.809606385772342119e-01
0,9.694735111987165532e-02,-5.975376564029821758e-01
2,-5.278056430143732852e-02,-4.633619277610755843e-02
3,2.147056975222848274e-02,-1.082593480241148126e-01
2,-7.753929012443855351e-02,-6.367621200006526316e-02
1,1.040435361725007696e-01,3.072781319192798288e-01
4,-6.150514601597177888e-01,6.748037452104915790e-01
2,-1.436442577192570402e-01,-5.509052802014247074e-02
3,-5.048442917591317025e-01,1.966875808457247410e-01
2,-1.595542719835471024e-01,4.008507101141108864e-01
2,-2.235066343784066212e-01,1.602344213766013215e-02
2,8.304950992595678816e-01,-3.189407091494513291e-01
1,6.028400770689107402e-01,-5.508067890175182002e-02
1,-5.460801589279663110e-02,1.896177450639922601e-01
2,6.728807531714631196e-01,-7.397509662118761931e-01
1,-3.454924076863458843e-02,2.010666763421024017e-01
4,1.329425857154066526e-01,-1.493855538375458113e-02
2,8.131594279875559161e-01,-1.252075265568892981e-01
3,-1.545816469925097025e-01,7.056754718242430613e-01
1,4.965084008654809256e-01,-4.967519308128345856e-01
3,-4.117714303529441677e-01,-7.224002026860401604e-02
0,7.192177005816337981e-03,3.607942643875343414e-02
4,-5.373810085185393853e-02,-4.449270521706257253e-01
1,5.779800491708443344e-01,2.667591525389076054e-02
2,4.098272305266889570e-01,4.856338706750608636e-01
3,-3.555463925385924373e-01,-1.466825035088825391e-01
0,2.642007211690330926e-01,-4.343145089444906959e-01
1,3.101845587812283589e-01,2.702070215623208482e-01
4,-7.134440668213679615e-01,2.285696436815400912e-01
4,1.571598080922322616e-01,-2.288189203933801430e-01
4,-5.280617047972068212e-01,-3.094252111305852426e-01
4,-7.333184713692370016e-01,4.221615222987905036e-01
1,-8.965001039403559802e-02,1.529153551319051008e-01
2,7.176945504359349970e-01,2.148512293888025781e-01
0,-9.260027689152368069e-01,3.594241057146054796e-01
0,-8.568640583689298706e-01,-2.513785458518473237e-01
4,-6.901821187922501100e-01,5.178842273406162322e-01
4,-4.279139533853981159e-01,7.913834428800542442e-01
4,-6.902478762611179430e-01,-5.336487745154780415e-02
0,3.472171482114346786e-01,-2.446468969848927810e-01
3,-1.899608552663004657e-01,6.831094763262863800e-01
0,3.270347586425605829e-02,8.417097998369806044e-02
3,-3.134119413144397237e-01,-1.429703866779194199e-01
3,-5.108907612305417789e-01,2.643939381803189215e-01
0,-9.655549202831958944e-01,2.470342451228522418e-01
0,1.119552989863639714e-01,1.150544863850704869e-01
4,0.000000000000000000e+00,0.000000000000000000e+00
2,-2.568065721970814175e-01,1.813448868068162634e-01
3,-2.627520835475183336e-01,-2.379963516243627786e-01
1,-7.057444082398353080e-01,-7.084665343106931745e-01
0,7.678240659355840998e-03,-6.253709256477667511e-01
0,-5.230899371961786892e-01,-5.316234494707722247e-01
0,2.289726155412606101e-01,-4.799516779021615331e-01
0,-2.195076939799236182e-01,-6.424655627269258984e-01
3,8.419321709290429334e-01,4.609700437819245766e-01
0,5.000108166332638965e-02,8.310803477927429517e-02
1,4.110233683937830618e-02,3.015596079553736208e-01
0,-4.704613935316539486e-01,-5.830202360909723103e-01
0,8.837205345046492133e-02,8.177323713297700303e-02
1,-2.012729611754335637e-02,-8.793683520049889735e-01
2,1.817383287673030035e-01,5.493120438794620863e-01
3,6.140182219192127366e-01,6.802562135981872204e-01
1,-6.812277624117867025e-02,1.072904094796688079e-01
1,-3.190869840274075386e-01,-8.910800120631366950e-01
2,-1.217878916073575346e-01,4.417119340755670254e-01
1,-9.982974124743511021e-03,2.673722243656428965e-01
0,1.563969896078903909e-01,1.203200161423298442e-01
3,-4.400906696118701000e-01,3.959198458105952501e-01
1,-1.540083726668147190e-01,-8.897800524008880885e-01
4,-1.208826441311203481e-01,-4.384922490499497116e-01
1,-7.525328362041050489e-02,1.567886794262184913e-01
4,1.692121235810541413e-01,-1.078668771398639259e-01
1,2.309673101631511405e-01,3.158689510914265419e-01
1,-3.585423549332061866e-02,2.516391309666927145e-01
3,8.576517424830634728e-03,-1.133884803757637671e-01
4,1.856625600531610909e-01,-1.426136182708888922e-01
3,3.214627060505023670e-01,7.754759946725846564e-01
1,2.352598835739286576e-01,2.784751198497888991e-01
2,-6.881197601222609206e-02,-4.749615997768172337e-02
4,-2.757256525123391033e-01,9.507939550341149015e-01
1,4.097226316496652143e-01,2.124738021341987526e-01
3,-4.651892333817950198e-01,2.968598527048594282e-01
0,-3.655375175811856336e-01,-6.615858547638260312e-01
0,2.330467505170972786e-01,-4.667985992912413451e-01
0,3.449018517100609360e-01,-2.755718808014320231e-01
3,1.140672947417908367e-01,8.249268966135745451e-01
2,5.483251133423306944e-01,-8.202211202783352695e-01
4,-3.739224316437899653e-01,-4.058433319840159537e-01
1,5.687327025698156457e-02,2.853575189856710770e-01
0,2.298972965051296613e-01,1.160448264638314214e-01
4,-4.354851752329516601e-01,-3.960258605745629046e-01
1,4.419848434195068898e-01,2.644353851983259340e-01
0,1.307835786001451395e-01,1.042091578982889261e-01
3,6.860193572728887634e-01,5.768612505555555936e-01
2,-2.489868987938316514e-02,-2.708334662708276885e-02
4,-4.175366803513773095e-01,-3.659130156191071626e-01
2,6.027414217993921630e-01,3.733985292251762456e-01
2,-2.730939048564636762e-01,1.097300057100299986e-01
3,1.769952989571716220e-02,-4.694120805209844871e-02
4,-5.680444813691372108e-01,6.759541866073011107e-01
0,3.368329983410751072e-01,-3.056658262835011408e-01
2,-2.440508492032018306e-01,-6.856921135968822335e-03
0,-2.332766747015764530e-01,-6.340327037126148868e-01
0,-6.964821494104044275e-01,-3.922280317127258553e-01
1,5.716891519983900993e-01,-1.576045120089457699e-02
0,-0.000000000000000000e+00,0.000000000000000000e+00
3,8.318789590613273610e-03,-3.583643623436232745e-02
2,-2.239064354179928495e-01,2.393574724322447833e-01
2,2.905705240046175808e-01,5.195882650472589681e-01
0,2.825723773879678102e-01,-4.104673033555028550e-01
4,-3.428065916028902316e-01,8.750465264753248817e-01
0,2.809028800368870149e-01,-4.475821959604555644e-01
3,-3.044468988839696411e-01,-1.880838383286048410e-01
0,3.696192393641227203e-01,-2.474731083443531543e-01
1,5.835671060115794617e-01,-2.758627434828619385e-01
4,6.687422054029552865e-02,-1.435796134850800265e-03
4,-2.651036086939221326e-01,-4.020743599554521541e-01
4,-7.149967568585289257e-01,-3.214678216762419799e-02
2,6.913093381038498686e-01,3.056221834772712143e-01
0,1.556073736708897190e-02,4.769291167995783065e-02
3,9.058591018639360060e-02,8.076448232251161041e-01
3,-4.405425131793940241e-01,2.862591278982995827e-02
4,-4.134401532692734138e-01,8.588446448151838553e-01
1,5.546698580913571597e-01,-4.416616710845432947e-01
4,6.451984505978818063e-02,-3.621911536974671275e-01
2,7.960413059495636823e-01,1.029870595442761855e-01
0,5.604599169458821147e-03,3.974051718559232227e-02
4,9.271841529168281526e-02,-1.314428839033876355e-02
3,-1.820628455649299093e-01,-2.183317913095723373e-01
4,-5.684294976612118688e-01,-2.840537298058941618e-01
3,-2.115807409949083118e-01,-2.140948468066373733e-01
1,5.269728867858868293e-01,-5.086944916853026744e-01
2,8.747772450004291933e-01,-2.615591038831681647e-01
1,1.951179181123206541e-01,-8.645430891521239669e-01
0,3.384613512424137216e-01,-2.988322168720457528e-01
3,-1.912003248683119827e-01,-1.919137218007942736e-01
2,8.294106756313819329e-01,5.868705331478102014e-03
1,5.367300980928789711e-01,7.399030464818509567e-02
2,-1.729042037217620731e-01,3.658850631352220661e-01
3,0.000000000000000000e+00,-0.000000000000000000e+00
1,5.798367186273218898e-01,-1.013567946562919098e-01
3,-2.354168576999296769e-01,-1.928898710522338467e-01
1,5.365230707516978059e-01,-5.465572249305769015e-01
3,2.998846137084761401e-02,7.786869765692897571e-01
1,5.785982860640414005e-01,-1.400971732723125807e-01
4,-3.798878688508730561e-01,8.851327946723296369e-01
2,-1.765187790185805961e-01,-3.818645668126099263e-02
3,-1.499765388992462256e-01,-2.175226432311202773e-01
2,-5.213470526006470929e-02,-3.633123531792383648e-02
0,3.699757848490682899e-01,-1.798449711090131242e-01
3,-2.812766203430898670e-01,6.105662614575787517e-01
4,-7.506932212960173434e-01,2.934757838885104775e-01
3,1.660552978936453289e-02,-7.853112333673291368e-02
3,-3.693090870341741994e-01,-8.024449033880289017e-02
3,-3.357386241471075894e-01,-1.661060079576802406e-01
2,-6.087093257788111361e-02,4.777430730457802310e-01
4,-7.267570774816621837e-01,1.519643109273400572e-01
4,-6.972925536937160107e-01,-4.877928852697001327e-02
1,-5.544161417840683809e-02,2.067420367110693602e-01
4,1.296465760538630940e-01,-3.010279999406276219e-01
3,7.835106086182059837e-01,5.773346483266493800e-01
1,4.043295275048220394e-01,-6.543956062803968354e-01
2,-2.636378849774239086e-01,4.563586023334698788e-02
2,2.788966200711688881e-01,5.410425789975346067e-01
4,-6.215262430068216881e-01,5.839914269393351454e-01
1,5.386696258176774110e-01,-3.307481266272376264e-01
0,4.587571731531814995e-02,7.387053021180288448e-02
2,8.567307537497375058e-01,-1.278701633883554400e-01
2,-1.075752236044656140e-01,4.488266065483854095e-01
1,-6.692725991962210352e-02,1.891791421652180560e-01
0,3.767948473793649722e-01,-1.281573978293393812e-01
2,-2.358603368987342019e-01,2.227438197865350966e-01
1,5.461034727300356773e-01,-4.309326445538078643e-01
4,4.569576171453872127e-02,1.021110053816119863e-02
0,5.094177902486541482e-02,9.030091708937049155e-02
