sample,species,filename
003311_1,Andrena fulva,2_003311_1_2020_05_09-14-21-01-959.jpg
003311_1,Andrena fulva,2_003311_1_2020_05_09-14-21-01-929.jpg
003311_1,Andrena fulva,2_003311_1_2020_05_09-14-21-01-608.jpg
003311_1,Andrena fulva,1_003311_1_2020_05_09-14-21-02-531.jpg
003311_1,Andrena fulva,1_003311_1_2020_05_09-14-21-02-266.jpg
003311_1,Andrena fulva,1_003311_1_2020_05_09-14-21-02-435.jpg
003311_1,Andrena fulva,2_003311_1_2020_05_09-14-21-01-465.jpg
003311_1,Andrena fulva,2_003311_1_2020_05_09-14-21-02-105.jpg
003311_1,Andrena fulva,2_003311_1_2020_05_09-14-21-02-077.jpg
003311_1,Andrena fulva,1_003311_1_2020_05_09-14-21-02-452.jpg
003311_1,Andrena fulva,2_003311_1_2020_05_09-14-21-01-385.jpg
003311_1,Andrena fulva,2_003311_1_2020_05_09-14-21-02-189.jpg
003311_1,Andrena fulva,1_003311_1_2020_05_09-14-21-02-204.jpg
003311_1,Andrena fulva,2_003311_1_2020_05_09-14-21-01-703.jpg
003311_1,Andrena fulva,1_003311_1_2020_05_09-14-21-01-688.jpg
003311_1,Andrena fulva,1_003311_1_2020_05_09-14-21-01-891.jpg
003311_1,Andrena fulva,1_003311_1_2020_05_09-14-21-01-802.jpg
003311_1,Andrena fulva,2_003311_1_2020_05_09-14-21-01-902.jpg
003311_1,Andrena fulva,1_003311_1_2020_05_09-14-21-01-917.jpg
003311_1,Andrena fulva,2_003311_1_2020_05_09-14-21-02-019.jpg
003311_1,Andrena fulva,1_003311_1_2020_05_09-14-21-01-717.jpg
003311_1,Andrena fulva,1_003311_1_2020_05_09-14-21-01-399.jpg
003311_1,Andrena fulva,1_003311_1_2020_05_09-14-21-01-479.jpg
003311_1,Andrena fulva,2_003311_1_2020_05_09-14-21-01-519.jpg
003311_1,Andrena fulva,2_003311_1_2020_05_09-14-21-01-436.jpg
003311_1,Andrena fulva,2_003311_1_2020_05_09-14-21-01-669.jpg
003311_1,Andrena fulva,2_003311_1_2020_05_09-14-21-02-048.jpg
003311_1,Andrena fulva,1_003311_1_2020_05_09-14-21-01-945.jpg
003311_1,Andrena fulva,1_003311_1_2020_05_09-14-21-02-476.jpg
003311_1,Andrena fulva,1_003311_1_2020_05_09-14-21-01-831.jpg
003311_1,Andrena fulva,1_003311_1_2020_05_09-14-21-02-360.jpg
003311_1,Andrena fulva,1_003311_1_2020_05_09-14-21-02-094.jpg
003311_1,Andrena fulva,2_003311_1_2020_05_09-14-21-01-493.jpg
003311_1,Andrena fulva,1_003311_1_2020_05_09-14-21-02-121.jpg
003311_1,Andrena fulva,1_003311_1_2020_05_09-14-21-02-176.jpg
003311_1,Andrena fulva,1_003311_1_2020_05_09-14-21-01-592.jpg
003311_1,Andrena fulva,2_003311_1_2020_05_09-14-21-01-547.jpg
003311_1,Andrena fulva,1_003311_1_2020_05_09-14-21-02-386.jpg
003311_1,Andrena fulva,1_003311_1_2020_05_09-14-21-02-064.jpg
003311_1,Andrena fulva,1_003311_1_2020_05_09-14-21-01-371.jpg
003311_1,Andrena fulva,1_003311_1_2020_05_09-14-21-01-748.jpg
003311_1,Andrena fulva,2_003311_1_2020_05_09-14-21-01-991.jpg
003311_1,Andrena fulva,2_003311_1_2020_05_09-14-21-01-642.jpg
003311_1,Andrena fulva,1_003311_1_2020_05_09-14-21-02-235.jpg
003311_1,Andrena fulva,1_003311_1_2020_05_09-14-21-02-343.jpg
003311_1,Andrena fulva,1_003311_1_2020_05_09-14-21-02-500.jpg
003311_1,Andrena fulva,1_003311_1_2020_05_09-14-21-01-452.jpg
003311_1,Andrena fulva,2_003311_1_2020_05_09-14-21-01-731.jpg
003311_1,Andrena fulva,1_003311_1_2020_05_09-14-21-01-862.jpg
003311_1,Andrena fulva,2_003311_1_2020_05_09-14-21-01-575.jpg
003311_1,Andrena fulva,2_003311_1_2020_05_09-14-21-01-762.jpg
003311_1,Andrena fulva,1_003311_1_2020_05_09-14-21-01-563.jpg
003311_1,Andrena fulva,2_003311_1_2020_05_09-14-21-01-872.jpg
003311_1,Andrena fulva,2_003311_1_2020_05_09-14-21-01-334.jpg
003311_1,Andrena fulva,1_003311_1_2020_05_09-14-21-01-627.jpg
003311_1,Andrena fulva,2_003311_1_2020_05_09-14-21-02-164.jpg
003311_1,Andrena fulva,1_003311_1_2020_05_09-14-21-02-291.jpg
003311_1,Andrena fulva,2_003311_1_2020_05_09-14-21-01-815.jpg
003311_1,Andrena fulva,2_003311_1_2020_05_09-14-21-02-249.jpg
003311_1,Andrena fulva,2_003311_1_2020_05_09-14-21-01-845.jpg
003311_1,Andrena fulva,1_003311_1_2020_05_09-14-21-02-034.jpg
003311_1,Andrena fulva,1_003311_1_2020_05_09-14-21-01-775.jpg
003311_1,Andrena fulva,2_003311_1_2020_05_09-14-21-02-217.jpg
003311_1,Andrena fulva,2_003311_1_2020_05_09-14-21-01-357.jpg
003311_1,Andrena fulva,1_003311_1_2020_05_09-14-21-02-150.jpg
003311_1,Andrena fulva,2_003311_1_2020_05_09-14-21-01-411.jpg
003311_1,Andrena fulva,1_003311_1_2020_05_09-14-21-02-309.jpg
003311_1,Andrena fulva,2_003311_1_2020_05_09-14-21-01-312.jpg
003311_1,Andrena fulva,1_003311_1_2020_05_09-14-21-01-659.jpg
003311_1,Andrena fulva,1_003311_1_2020_05_09-14-21-02-407.jpg
003311_1,Andrena fulva,1_003311_1_2020_05_09-14-21-01-975.jpg
003311_1,Andrena fulva,1_003311_1_2020_05_09-14-21-01-507.jpg
003311_1,Andrena fulva,1_003311_1_2020_05_09-14-21-01-533.jpg
003311_1,Andrena fulva,1_003311_1_2020_05_09-14-21-02-005.jpg
005526_1,Andrena fulva,2_005526_1_2020_05_09-13-39-36-804.jpg
005526_1,Andrena fulva,1_005526_1_2020_05_09-13-39-36-843.jpg
005526_1,Andrena fulva,2_005526_1_2020_05_09-13-39-37-325.jpg
005526_1,Andrena fulva,1_005526_1_2020_05_09-13-39-37-341.jpg
005526_1,Andrena fulva,2_005526_1_2020_05_09-13-39-36-909.jpg
005526_1,Andrena fulva,2_005526_1_2020_05_09-13-39-36-968.jpg
005526_1,Andrena fulva,2_005526_1_2020_05_09-13-39-36-762.jpg
005526_1,Andrena fulva,1_005526_1_2020_05_09-13-39-37-061.jpg
005526_1,Andrena fulva,2_005526_1_2020_05_09-13-39-37-019.jpg
005526_1,Andrena fulva,1_005526_1_2020_05_09-13-39-37-120.jpg
005526_1,Andrena fulva,2_005526_1_2020_05_09-13-39-37-104.jpg
005526_1,Andrena fulva,1_005526_1_2020_05_09-13-39-37-482.jpg
005526_1,Andrena fulva,2_005526_1_2020_05_09-13-39-37-161.jpg
005526_1,Andrena fulva,1_005526_1_2020_05_09-13-39-37-459.jpg
005526_1,Andrena fulva,1_005526_1_2020_05_09-13-39-37-189.jpg
005526_1,Andrena fulva,1_005526_1_2020_05_09-13-39-37-255.jpg
005526_1,Andrena fulva,1_005526_1_2020_05_09-13-39-36-899.jpg
005526_1,Andrena fulva,2_005526_1_2020_05_09-13-39-37-175.jpg
005526_1,Andrena fulva,2_005526_1_2020_05_09-13-39-36-936.jpg
005526_1,Andrena fulva,1_005526_1_2020_05_09-13-39-37-316.jpg
005526_1,Andrena fulva,1_005526_1_2020_05_09-13-39-37-224.jpg
005526_1,Andrena fulva,1_005526_1_2020_05_09-13-39-36-870.jpg
005526_1,Andrena fulva,1_005526_1_2020_05_09-13-39-37-092.jpg
005526_1,Andrena fulva,2_005526_1_2020_05_09-13-39-36-782.jpg
005526_1,Andrena fulva,2_005526_1_2020_05_09-13-39-36-884.jpg
005526_1,Andrena fulva,2_005526_1_2020_05_09-13-39-37-046.jpg
005526_1,Andrena fulva,2_005526_1_2020_05_09-13-39-37-296.jpg
005526_1,Andrena fulva,2_005526_1_2020_05_09-13-39-37-074.jpg
005526_1,Andrena fulva,1_005526_1_2020_05_09-13-39-37-035.jpg
005526_1,Andrena fulva,2_005526_1_2020_05_09-13-39-36-994.jpg
005526_1,Andrena fulva,2_005526_1_2020_05_09-13-39-37-384.jpg
005526_1,Andrena fulva,2_005526_1_2020_05_09-13-39-37-269.jpg
005526_1,Andrena fulva,1_005526_1_2020_05_09-13-39-36-953.jpg
005526_1,Andrena fulva,1_005526_1_2020_05_09-13-39-36-817.jpg
005526_1,Andrena fulva,2_005526_1_2020_05_09-13-39-37-355.jpg
005526_1,Andrena fulva,2_005526_1_2020_05_09-13-39-36-831.jpg
005526_1,Andrena fulva,1_005526_1_2020_05_09-13-39-37-524.jpg
005526_1,Andrena fulva,1_005526_1_2020_05_09-13-39-37-369.jpg
005526_1,Andrena fulva,1_005526_1_2020_05_09-13-39-37-009.jpg
005526_1,Andrena fulva,1_005526_1_2020_05_09-13-39-36-982.jpg
005526_1,Andrena fulva,1_005526_1_2020_05_09-13-39-37-144.jpg
005526_1,Andrena fulva,2_005526_1_2020_05_09-13-39-37-134.jpg
005526_1,Andrena fulva,1_005526_1_2020_05_09-13-39-37-405.jpg
005526_1,Andrena fulva,2_005526_1_2020_05_09-13-39-36-857.jpg
005526_1,Andrena fulva,1_005526_1_2020_05_09-13-39-37-440.jpg
005526_1,Andrena fulva,2_005526_1_2020_05_09-13-39-37-214.jpg
005526_1,Andrena fulva,1_005526_1_2020_05_09-13-39-37-283.jpg
005526_1,Andrena fulva,2_005526_1_2020_05_09-13-39-37-239.jpg
005526_1,Andrena fulva,1_005526_1_2020_05_09-13-39-37-504.jpg
003299_1,Andrena fulva,1_003299_1_2020_05_05-10-57-40-514.jpg
003299_1,Andrena fulva,1_003299_1_2020_05_05-10-57-40-864.jpg
003299_1,Andrena fulva,1_003299_1_2020_05_05-10-57-40-757.jpg
003299_1,Andrena fulva,2_003299_1_2020_05_05-10-57-39-325.jpg
003299_1,Andrena fulva,1_003299_1_2020_05_05-10-57-39-018.jpg
003299_1,Andrena fulva,1_003299_1_2020_05_05-10-57-39-477.jpg
003299_1,Andrena fulva,2_003299_1_2020_05_05-10-57-39-727.jpg
003299_1,Andrena fulva,1_003299_1_2020_05_05-10-57-40-326.jpg
003299_1,Andrena fulva,2_003299_1_2020_05_05-10-57-40-111.jpg
003299_1,Andrena fulva,2_003299_1_2020_05_05-10-57-38-781.jpg
003299_1,Andrena fulva,1_003299_1_2020_05_05-10-57-40-353.jpg
003299_1,Andrena fulva,1_003299_1_2020_05_05-10-57-39-581.jpg
003299_1,Andrena fulva,1_003299_1_2020_05_05-10-57-40-553.jpg
003299_1,Andrena fulva,2_003299_1_2020_05_05-10-57-39-395.jpg
003299_1,Andrena fulva,1_003299_1_2020_05_05-10-57-40-050.jpg
003299_1,Andrena fulva,2_003299_1_2020_05_05-10-57-40-282.jpg
003299_1,Andrena fulva,1_003299_1_2020_05_05-10-57-40-421.jpg
003299_1,Andrena fulva,2_003299_1_2020_05_05-10-57-39-673.jpg
003299_1,Andrena fulva,2_003299_1_2020_05_05-10-57-39-192.jpg
003299_1,Andrena fulva,1_003299_1_2020_05_05-10-57-39-266.jpg
003299_1,Andrena fulva,2_003299_1_2020_05_05-10-57-39-568.jpg
003299_1,Andrena fulva,2_003299_1_2020_05_05-10-57-39-635.jpg
003299_1,Andrena fulva,2_003299_1_2020_05_05-10-57-40-362.jpg
003299_1,Andrena fulva,1_003299_1_2020_05_05-10-57-40-800.jpg
003299_1,Andrena fulva,2_003299_1_2020_05_05-10-57-40-488.jpg
003299_1,Andrena fulva,2_003299_1_2020_05_05-10-57-38-931.jpg
003299_1,Andrena fulva,1_003299_1_2020_05_05-10-57-40-500.jpg
003299_1,Andrena fulva,1_003299_1_2020_05_05-10-57-39-180.jpg
003299_1,Andrena fulva,2_003299_1_2020_05_05-10-57-39-248.jpg
003299_1,Andrena fulva,1_003299_1_2020_05_05-10-57-39-901.jpg
003299_1,Andrena fulva,1_003299_1_2020_05_05-10-57-39-289.jpg
003299_1,Andrena fulva,2_003299_1_2020_05_05-10-57-40-254.jpg
003299_1,Andrena fulva,1_003299_1_2020_05_05-10-57-40-717.jpg
003299_1,Andrena fulva,2_003299_1_2020_05_05-10-57-40-147.jpg
003299_1,Andrena fulva,1_003299_1_2020_05_05-10-57-40-165.jpg
003299_1,Andrena fulva,2_003299_1_2020_05_05-10-57-38-759.jpg
003299_1,Andrena fulva,2_003299_1_2020_05_05-10-57-40-308.jpg
003299_1,Andrena fulva,1_003299_1_2020_05_05-10-57-39-155.jpg
003299_1,Andrena fulva,2_003299_1_2020_05_05-10-57-39-949.jpg
003299_1,Andrena fulva,2_003299_1_2020_05_05-10-57-39-354.jpg
003299_1,Andrena fulva,2_003299_1_2020_05_05-10-57-39-381.jpg
003299_1,Andrena fulva,2_003299_1_2020_05_05-10-57-39-031.jpg
003299_1,Andrena fulva,1_003299_1_2020_05_05-10-57-39-993.jpg
003299_1,Andrena fulva,2_003299_1_2020_05_05-10-57-38-800.jpg
003299_1,Andrena fulva,2_003299_1_2020_05_05-10-57-38-860.jpg
003299_1,Andrena fulva,2_003299_1_2020_05_05-10-57-39-221.jpg
003299_1,Andrena fulva,1_003299_1_2020_05_05-10-57-39-409.jpg
003299_1,Andrena fulva,2_003299_1_2020_05_05-10-57-40-006.jpg
003299_1,Andrena fulva,1_003299_1_2020_05_05-10-57-39-097.jpg
003299_1,Andrena fulva,1_003299_1_2020_05_05-10-57-39-502.jpg
003299_1,Andrena fulva,1_003299_1_2020_05_05-10-57-38-993.jpg
003299_1,Andrena fulva,1_003299_1_2020_05_05-10-57-38-969.jpg
003299_1,Andrena fulva,2_003299_1_2020_05_05-10-57-39-057.jpg
003299_1,Andrena fulva,1_003299_1_2020_05_05-10-57-39-740.jpg
003299_1,Andrena fulva,2_003299_1_2020_05_05-10-57-38-979.jpg
003299_1,Andrena fulva,1_003299_1_2020_05_05-10-57-39-715.jpg
003299_1,Andrena fulva,1_003299_1_2020_05_05-10-57-40-593.jpg
003299_1,Andrena fulva,1_003299_1_2020_05_05-10-57-40-233.jpg
003299_1,Andrena fulva,2_003299_1_2020_05_05-10-57-38-881.jpg
003299_1,Andrena fulva,1_003299_1_2020_05_05-10-57-39-659.jpg
003299_1,Andrena fulva,1_003299_1_2020_05_05-10-57-40-436.jpg
003299_1,Andrena fulva,2_003299_1_2020_05_05-10-57-40-218.jpg
003299_1,Andrena fulva,1_003299_1_2020_05_05-10-57-39-126.jpg
003299_1,Andrena fulva,1_003299_1_2020_05_05-10-57-38-916.jpg
003299_1,Andrena fulva,2_003299_1_2020_05_05-10-57-40-177.jpg
003299_1,Andrena fulva,2_003299_1_2020_05_05-10-57-40-450.jpg
003299_1,Andrena fulva,1_003299_1_2020_05_05-10-57-39-422.jpg
003299_1,Andrena fulva,2_003299_1_2020_05_05-10-57-39-139.jpg
003299_1,Andrena fulva,2_003299_1_2020_05_05-10-57-39-517.jpg
003299_1,Andrena fulva,1_003299_1_2020_05_05-10-57-40-843.jpg
003299_1,Andrena fulva,2_003299_1_2020_05_05-10-57-40-337.jpg
003299_1,Andrena fulva,2_003299_1_2020_05_05-10-57-38-819.jpg
003299_1,Andrena fulva,2_003299_1_2020_05_05-10-57-39-977.jpg
003299_1,Andrena fulva,1_003299_1_2020_05_05-10-57-39-609.jpg
003299_1,Andrena fulva,2_003299_1_2020_05_05-10-57-39-299.jpg
003299_1,Andrena fulva,1_003299_1_2020_05_05-10-57-39-765.jpg
003299_1,Andrena fulva,2_003299_1_2020_05_05-10-57-39-004.jpg
003299_1,Andrena fulva,2_003299_1_2020_05_05-10-57-39-436.jpg
003299_1,Andrena fulva,2_003299_1_2020_05_05-10-57-39-081.jpg
003299_1,Andrena fulva,2_003299_1_2020_05_05-10-57-40-394.jpg
003299_1,Andrena fulva,1_003299_1_2020_05_05-10-57-39-236.jpg
003299_1,Andrena fulva,1_003299_1_2020_05_05-10-57-39-555.jpg
003299_1,Andrena fulva,2_003299_1_2020_05_05-10-57-39-858.jpg
003299_1,Andrena fulva,1_003299_1_2020_05_05-10-57-39-044.jpg
003299_1,Andrena fulva,1_003299_1_2020_05_05-10-57-40-574.jpg
003299_1,Andrena fulva,2_003299_1_2020_05_05-10-57-39-829.jpg
003299_1,Andrena fulva,2_003299_1_2020_05_05-10-57-39-167.jpg
003299_1,Andrena fulva,1_003299_1_2020_05_05-10-57-40-619.jpg
003299_1,Andrena fulva,1_003299_1_2020_05_05-10-57-39-449.jpg
003299_1,Andrena fulva,1_003299_1_2020_05_05-10-57-40-821.jpg
003299_1,Andrena fulva,1_003299_1_2020_05_05-10-57-39-845.jpg
003299_1,Andrena fulva,2_003299_1_2020_05_05-10-57-39-491.jpg
003299_1,Andrena fulva,2_003299_1_2020_05_05-10-57-39-778.jpg
003299_1,Andrena fulva,1_003299_1_2020_05_05-10-57-39-792.jpg
003299_1,Andrena fulva,2_003299_1_2020_05_05-10-57-40-408.jpg
003299_1,Andrena fulva,2_003299_1_2020_05_05-10-57-39-889.jpg
003299_1,Andrena fulva,1_003299_1_2020_05_05-10-57-40-193.jpg
003299_1,Andrena fulva,1_003299_1_2020_05_05-10-57-38-942.jpg
003299_1,Andrena fulva,2_003299_1_2020_05_05-10-57-39-539.jpg
003299_1,Andrena fulva,2_003299_1_2020_05_05-10-57-38-839.jpg
003299_1,Andrena fulva,1_003299_1_2020_05_05-10-57-39-314.jpg
003299_1,Andrena fulva,2_003299_1_2020_05_05-10-57-39-111.jpg
003299_1,Andrena fulva,1_003299_1_2020_05_05-10-57-40-654.jpg
003299_1,Andrena fulva,1_003299_1_2020_05_05-10-57-40-242.jpg
003299_1,Andrena fulva,2_003299_1_2020_05_05-10-57-40-021.jpg
003299_1,Andrena fulva,2_003299_1_2020_05_05-10-57-39-700.jpg
003299_1,Andrena fulva,1_003299_1_2020_05_05-10-57-40-297.jpg
003299_1,Andrena fulva,2_003299_1_2020_05_05-10-57-38-902.jpg
003299_1,Andrena fulva,2_003299_1_2020_05_05-10-57-39-804.jpg
003299_1,Andrena fulva,2_003299_1_2020_05_05-10-57-39-621.jpg
003299_1,Andrena fulva,1_003299_1_2020_05_05-10-57-39-070.jpg
003299_1,Andrena fulva,2_003299_1_2020_05_05-10-57-39-754.jpg
003299_1,Andrena fulva,2_003299_1_2020_05_05-10-57-39-460.jpg
003299_1,Andrena fulva,2_003299_1_2020_05_05-10-57-39-274.jpg
003299_1,Andrena fulva,1_003299_1_2020_05_05-10-57-39-208.jpg
003299_1,Andrena fulva,2_003299_1_2020_05_05-10-57-40-077.jpg
003299_1,Andrena fulva,1_003299_1_2020_05_05-10-57-39-649.jpg
003299_1,Andrena fulva,1_003299_1_2020_05_05-10-57-39-531.jpg
003299_1,Andrena fulva,1_003299_1_2020_05_05-10-57-40-536.jpg
003299_1,Andrena fulva,2_003299_1_2020_05_05-10-57-39-594.jpg
003299_1,Andrena fulva,1_003299_1_2020_05_05-10-57-39-817.jpg
003299_1,Andrena fulva,2_003299_1_2020_05_05-10-57-39-919.jpg
003299_1,Andrena fulva,2_003299_1_2020_05_05-10-57-38-956.jpg
003299_1,Andrena fulva,1_003299_1_2020_05_05-10-57-40-272.jpg
003299_1,Andrena fulva,1_003299_1_2020_05_05-10-57-40-381.jpg
003299_1,Andrena fulva,1_003299_1_2020_05_05-10-57-40-133.jpg
003299_1,Andrena fulva,1_003299_1_2020_05_05-10-57-40-099.jpg
003299_1,Andrena fulva,1_003299_1_2020_05_05-10-57-40-034.jpg
003299_1,Andrena fulva,1_003299_1_2020_05_05-10-57-39-688.jpg
003299_1,Andrena fulva,2_003299_1_2020_05_05-10-57-40-206.jpg
003299_1,Andrena fulva,1_003299_1_2020_05_05-10-57-40-461.jpg
003299_1,Andrena fulva,2_003299_1_2020_05_05-10-57-40-475.jpg
003299_1,Andrena fulva,1_003299_1_2020_05_05-10-57-40-697.jpg
206320_1,Panurgus banksianus,2_206320_1_2020_03_04-11-17-04-458.jpg
206320_1,Panurgus banksianus,2_206320_1_2020_03_04-11-17-04-545.jpg
206320_1,Panurgus banksianus,1_206320_1_2020_03_04-11-17-04-309.jpg
206320_1,Panurgus banksianus,1_206320_1_2020_03_04-11-17-03-770.jpg
206320_1,Panurgus banksianus,2_206320_1_2020_03_04-11-17-04-157.jpg
206320_1,Panurgus banksianus,1_206320_1_2020_03_04-11-17-04-663.jpg
206320_1,Panurgus banksianus,2_206320_1_2020_03_04-11-17-04-488.jpg
206320_1,Panurgus banksianus,2_206320_1_2020_03_04-11-17-03-840.jpg
206320_1,Panurgus banksianus,2_206320_1_2020_03_04-11-17-03-969.jpg
206320_1,Panurgus banksianus,1_206320_1_2020_03_04-11-17-03-811.jpg
206320_1,Panurgus banksianus,1_206320_1_2020_03_04-11-17-03-659.jpg
206320_1,Panurgus banksianus,1_206320_1_2020_03_04-11-17-04-363.jpg
206320_1,Panurgus banksianus,1_206320_1_2020_03_04-11-17-03-880.jpg
206320_1,Panurgus banksianus,2_206320_1_2020_03_04-11-17-04-079.jpg
206320_1,Panurgus banksianus,1_206320_1_2020_03_04-11-17-03-958.jpg
206320_1,Panurgus banksianus,1_206320_1_2020_03_04-11-17-04-792.jpg
206320_1,Panurgus banksianus,2_206320_1_2020_03_04-11-17-04-132.jpg
206320_1,Panurgus banksianus,1_206320_1_2020_03_04-11-17-04-143.jpg
206320_1,Panurgus banksianus,2_206320_1_2020_03_04-11-17-03-538.jpg
206320_1,Panurgus banksianus,1_206320_1_2020_03_04-11-17-04-255.jpg
206320_1,Panurgus banksianus,2_206320_1_2020_03_04-11-17-03-618.jpg
206320_1,Panurgus banksianus,2_206320_1_2020_03_04-11-17-03-756.jpg
206320_1,Panurgus banksianus,1_206320_1_2020_03_04-11-17-03-524.jpg
206320_1,Panurgus banksianus,2_206320_1_2020_03_04-11-17-03-727.jpg
206320_1,Panurgus banksianus,2_206320_1_2020_03_04-11-17-04-374.jpg
206320_1,Panurgus banksianus,2_206320_1_2020_03_04-11-17-03-487.jpg
206320_1,Panurgus banksianus,1_206320_1_2020_03_04-11-17-03-606.jpg
206320_1,Panurgus banksianus,1_206320_1_2020_03_04-11-17-03-853.jpg
206320_1,Panurgus banksianus,1_206320_1_2020_03_04-11-17-04-201.jpg
206320_1,Panurgus banksianus,2_206320_1_2020_03_04-11-17-03-564.jpg
206320_1,Panurgus banksianus,1_206320_1_2020_03_04-11-17-03-905.jpg
206320_1,Panurgus banksianus,2_206320_1_2020_03_04-11-17-03-943.jpg
206320_1,Panurgus banksianus,1_206320_1_2020_03_04-11-17-03-718.jpg
206320_1,Panurgus banksianus,2_206320_1_2020_03_04-11-17-04-323.jpg
206320_1,Panurgus banksianus,2_206320_1_2020_03_04-11-17-03-864.jpg
206320_1,Panurgus banksianus,1_206320_1_2020_03_04-11-17-04-119.jpg
206320_1,Panurgus banksianus,1_206320_1_2020_03_04-11-17-03-579.jpg
206320_1,Panurgus banksianus,2_206320_1_2020_03_04-11-17-04-349.jpg
206320_1,Panurgus banksianus,2_206320_1_2020_03_04-11-17-03-448.jpg
206320_1,Panurgus banksianus,2_206320_1_2020_03_04-11-17-04-515.jpg
206320_1,Panurgus banksianus,1_206320_1_2020_03_04-11-17-03-826.jpg
206320_1,Panurgus banksianus,1_206320_1_2020_03_04-11-17-04-502.jpg
206320_1,Panurgus banksianus,2_206320_1_2020_03_04-11-17-03-425.jpg
206320_1,Panurgus banksianus,1_206320_1_2020_03_04-11-17-04-876.jpg
206320_1,Panurgus banksianus,1_206320_1_2020_03_04-11-17-04-830.jpg
206320_1,Panurgus banksianus,1_206320_1_2020_03_04-11-17-04-173.jpg
206320_1,Panurgus banksianus,2_206320_1_2020_03_04-11-17-04-415.jpg
206320_1,Panurgus banksianus,1_206320_1_2020_03_04-11-17-04-603.jpg
206320_1,Panurgus banksianus,1_206320_1_2020_03_04-11-17-03-632.jpg
206320_1,Panurgus banksianus,2_206320_1_2020_03_04-11-17-04-588.jpg
206320_1,Panurgus banksianus,2_206320_1_2020_03_04-11-17-04-105.jpg
206320_1,Panurgus banksianus,1_206320_1_2020_03_04-11-17-04-532.jpg
206320_1,Panurgus banksianus,1_206320_1_2020_03_04-11-17-04-226.jpg
206320_1,Panurgus banksianus,2_206320_1_2020_03_04-11-17-03-673.jpg
206320_1,Panurgus banksianus,2_206320_1_2020_03_04-11-17-03-591.jpg
206320_1,Panurgus banksianus,1_206320_1_2020_03_04-11-17-04-430.jpg
206320_1,Panurgus banksianus,1_206320_1_2020_03_04-11-17-04-853.jpg
206320_1,Panurgus banksianus,1_206320_1_2020_03_04-11-17-04-684.jpg
206320_1,Panurgus banksianus,2_206320_1_2020_03_04-11-17-03-892.jpg
206320_1,Panurgus banksianus,1_206320_1_2020_03_04-11-17-03-551.jpg
206320_1,Panurgus banksianus,2_206320_1_2020_03_04-11-17-03-512.jpg
206320_1,Panurgus banksianus,2_206320_1_2020_03_04-11-17-03-402.jpg
206320_1,Panurgus banksianus,1_206320_1_2020_03_04-11-17-04-907.jpg
206320_1,Panurgus banksianus,2_206320_1_2020_03_04-11-17-03-702.jpg
206320_1,Panurgus banksianus,2_206320_1_2020_03_04-11-17-04-022.jpg
206320_1,Panurgus banksianus,2_206320_1_2020_03_04-11-17-03-918.jpg
206320_1,Panurgus banksianus,2_206320_1_2020_03_04-11-17-04-401.jpg
206320_1,Panurgus banksianus,2_206320_1_2020_03_04-11-17-04-185.jpg
206320_1,Panurgus banksianus,1_206320_1_2020_03_04-11-17-04-337.jpg
206320_1,Panurgus banksianus,1_206320_1_2020_03_04-11-17-04-038.jpg
206320_1,Panurgus banksianus,1_206320_1_2020_03_04-11-17-04-282.jpg
206320_1,Panurgus banksianus,1_206320_1_2020_03_04-11-17-04-564.jpg
206320_1,Panurgus banksianus,2_206320_1_2020_03_04-11-17-03-798.jpg
206320_1,Panurgus banksianus,2_206320_1_2020_03_04-11-17-03-467.jpg
206320_1,Panurgus banksianus,2_206320_1_2020_03_04-11-17-04-268.jpg
206320_1,Panurgus banksianus,2_206320_1_2020_03_04-11-17-03-996.jpg
206320_1,Panurgus banksianus,1_206320_1_2020_03_04-11-17-04-704.jpg
206320_1,Panurgus banksianus,2_206320_1_2020_03_04-11-17-04-216.jpg
206320_1,Panurgus banksianus,1_206320_1_2020_03_04-11-17-03-500.jpg
206320_1,Panurgus banksianus,1_206320_1_2020_03_04-11-17-04-097.jpg
206320_1,Panurgus banksianus,2_206320_1_2020_03_04-11-17-04-239.jpg
206320_1,Panurgus banksianus,1_206320_1_2020_03_04-11-17-04-010.jpg
206320_1,Panurgus banksianus,2_206320_1_2020_03_04-11-17-03-641.jpg
206320_1,Panurgus banksianus,1_206320_1_2020_03_04-11-17-04-390.jpg
206320_1,Panurgus banksianus,1_206320_1_2020_03_04-11-17-03-689.jpg
206320_1,Panurgus banksianus,1_206320_1_2020_03_04-11-17-03-934.jpg
206320_1,Panurgus banksianus,1_206320_1_2020_03_04-11-17-04-807.jpg
206320_1,Panurgus banksianus,2_206320_1_2020_03_04-11-17-04-052.jpg
206320_1,Panurgus banksianus,1_206320_1_2020_03_04-11-17-04-642.jpg
206320_1,Panurgus banksianus,1_206320_1_2020_03_04-11-17-04-475.jpg
206320_1,Panurgus banksianus,2_206320_1_2020_03_04-11-17-03-784.jpg
206320_1,Panurgus banksianus,1_206320_1_2020_03_04-11-17-04-066.jpg
206320_1,Panurgus banksianus,1_206320_1_2020_03_04-11-17-04-442.jpg
206320_1,Panurgus banksianus,1_206320_1_2020_03_04-11-17-03-742.jpg
206320_1,Panurgus banksianus,2_206320_1_2020_03_04-11-17-04-297.jpg
206320_1,Panurgus banksianus,1_206320_1_2020_03_04-11-17-03-984.jpg
206320_1,Panurgus banksianus,1_206320_1_2020_03_04-11-17-04-740.jpg
206320_1,Panurgus banksianus,1_206320_1_2020_03_04-11-17-04-620.jpg
206320_1,Panurgus banksianus,2_206320_1_2020_03_04-11-17-04-575.jpg
206321_1,Panurgus banksianus,1_206321_1_2020_03_04-11-18-57-688.jpg
206321_1,Panurgus banksianus,2_206321_1_2020_03_04-11-18-57-550.jpg
206321_1,Panurgus banksianus,2_206321_1_2020_03_04-11-18-57-728.jpg
206321_1,Panurgus banksianus,1_206321_1_2020_03_04-11-18-57-512.jpg
206321_1,Panurgus banksianus,2_206321_1_2020_03_04-11-18-57-499.jpg
206321_1,Panurgus banksianus,2_206321_1_2020_03_04-11-18-57-598.jpg
206321_1,Panurgus banksianus,1_206321_1_2020_03_04-11-18-57-769.jpg
206321_1,Panurgus banksianus,1_206321_1_2020_03_04-11-18-57-587.jpg
206321_1,Panurgus banksianus,2_206321_1_2020_03_04-11-18-57-623.jpg
206321_1,Panurgus banksianus,1_206321_1_2020_03_04-11-18-57-847.jpg
206321_1,Panurgus banksianus,2_206321_1_2020_03_04-11-18-57-445.jpg
206321_1,Panurgus banksianus,1_206321_1_2020_03_04-11-18-57-458.jpg
206321_1,Panurgus banksianus,1_206321_1_2020_03_04-11-18-57-664.jpg
206321_1,Panurgus banksianus,2_206321_1_2020_03_04-11-18-57-393.jpg
206321_1,Panurgus banksianus,2_206321_1_2020_03_04-11-18-57-807.jpg
206321_1,Panurgus banksianus,1_206321_1_2020_03_04-11-18-57-712.jpg
206321_1,Panurgus banksianus,2_206321_1_2020_03_04-11-18-57-471.jpg
206321_1,Panurgus banksianus,1_206321_1_2020_03_04-11-18-57-432.jpg
206321_1,Panurgus banksianus,1_206321_1_2020_03_04-11-18-57-538.jpg
206321_1,Panurgus banksianus,2_206321_1_2020_03_04-11-18-57-372.jpg
206321_1,Panurgus banksianus,1_206321_1_2020_03_04-11-18-57-486.jpg
206321_1,Panurgus banksianus,1_206321_1_2020_03_04-11-18-57-871.jpg
206321_1,Panurgus banksianus,2_206321_1_2020_03_04-11-18-57-675.jpg
206321_1,Panurgus banksianus,2_206321_1_2020_03_04-11-18-57-524.jpg
206321_1,Panurgus banksianus,1_206321_1_2020_03_04-11-18-57-892.jpg
206321_1,Panurgus banksianus,2_206321_1_2020_03_04-11-18-57-419.jpg
206321_1,Panurgus banksianus,2_206321_1_2020_03_04-11-18-57-831.jpg
206321_1,Panurgus banksianus,2_206321_1_2020_03_04-11-18-57-574.jpg
206321_1,Panurgus banksianus,1_206321_1_2020_03_04-11-18-57-912.jpg
206321_1,Panurgus banksianus,2_206321_1_2020_03_04-11-18-57-753.jpg
206321_1,Panurgus banksianus,1_206321_1_2020_03_04-11-18-57-932.jpg
206321_1,Panurgus banksianus,2_206321_1_2020_03_04-11-18-57-649.jpg
206321_1,Panurgus banksianus,1_206321_1_2020_03_04-11-18-57-820.jpg
206321_1,Panurgus banksianus,1_206321_1_2020_03_04-11-18-57-613.jpg
206321_1,Panurgus banksianus,1_206321_1_2020_03_04-11-18-57-743.jpg
206321_1,Panurgus banksianus,2_206321_1_2020_03_04-11-18-57-701.jpg
206321_1,Panurgus banksianus,2_206321_1_2020_03_04-11-18-57-781.jpg
206321_1,Panurgus banksianus,1_206321_1_2020_03_04-11-18-57-638.jpg
206321_1,Panurgus banksianus,1_206321_1_2020_03_04-11-18-57-407.jpg
206321_1,Panurgus banksianus,1_206321_1_2020_03_04-11-18-57-793.jpg
206321_1,Panurgus banksianus,1_206321_1_2020_03_04-11-18-57-564.jpg
206319_1,Panurgus banksianus,1_206319_1_2020_03_04-11-14-57-431.jpg
206319_1,Panurgus banksianus,2_206319_1_2020_03_04-11-14-57-875.jpg
206319_1,Panurgus banksianus,1_206319_1_2020_03_04-11-14-58-018.jpg
206319_1,Panurgus banksianus,2_206319_1_2020_03_04-11-14-57-377.jpg
206319_1,Panurgus banksianus,1_206319_1_2020_03_04-11-14-57-967.jpg
206319_1,Panurgus banksianus,1_206319_1_2020_03_04-11-14-57-811.jpg
206319_1,Panurgus banksianus,1_206319_1_2020_03_04-11-14-57-839.jpg
206319_1,Panurgus banksianus,2_206319_1_2020_03_04-11-14-57-708.jpg
206319_1,Panurgus banksianus,1_206319_1_2020_03_04-11-14-57-506.jpg
206319_1,Panurgus banksianus,2_206319_1_2020_03_04-11-14-57-747.jpg
206319_1,Panurgus banksianus,2_206319_1_2020_03_04-11-14-57-618.jpg
206319_1,Panurgus banksianus,1_206319_1_2020_03_04-11-14-58-046.jpg
206319_1,Panurgus banksianus,1_206319_1_2020_03_04-11-14-57-456.jpg
206319_1,Panurgus banksianus,2_206319_1_2020_03_04-11-14-57-491.jpg
206319_1,Panurgus banksianus,2_206319_1_2020_03_04-11-14-57-515.jpg
206319_1,Panurgus banksianus,2_206319_1_2020_03_04-11-14-57-889.jpg
206319_1,Panurgus banksianus,2_206319_1_2020_03_04-11-14-57-849.jpg
206319_1,Panurgus banksianus,1_206319_1_2020_03_04-11-14-57-913.jpg
206319_1,Panurgus banksianus,2_206319_1_2020_03_04-11-14-57-315.jpg
206319_1,Panurgus banksianus,1_206319_1_2020_03_04-11-14-57-608.jpg
206319_1,Panurgus banksianus,2_206319_1_2020_03_04-11-14-57-771.jpg
206319_1,Panurgus banksianus,1_206319_1_2020_03_04-11-14-57-684.jpg
206319_1,Panurgus banksianus,1_206319_1_2020_03_04-11-14-58-131.jpg
206319_1,Panurgus banksianus,1_206319_1_2020_03_04-11-14-57-721.jpg
206319_1,Panurgus banksianus,1_206319_1_2020_03_04-11-14-57-481.jpg
206319_1,Panurgus banksianus,2_206319_1_2020_03_04-11-14-57-395.jpg
206319_1,Panurgus banksianus,2_206319_1_2020_03_04-11-14-57-530.jpg
206319_1,Panurgus banksianus,2_206319_1_2020_03_04-11-14-57-336.jpg
206319_1,Panurgus banksianus,1_206319_1_2020_03_04-11-14-57-901.jpg
206319_1,Panurgus banksianus,2_206319_1_2020_03_04-11-14-57-823.jpg
206319_1,Panurgus banksianus,1_206319_1_2020_03_04-11-14-57-578.jpg
206319_1,Panurgus banksianus,1_206319_1_2020_03_04-11-14-58-092.jpg
206319_1,Panurgus banksianus,1_206319_1_2020_03_04-11-14-57-939.jpg
206319_1,Panurgus banksianus,2_206319_1_2020_03_04-11-14-57-980.jpg
206319_1,Panurgus banksianus,2_206319_1_2020_03_04-11-14-57-356.jpg
206319_1,Panurgus banksianus,2_206319_1_2020_03_04-11-14-58-057.jpg
206319_1,Panurgus banksianus,2_206319_1_2020_03_04-11-14-57-695.jpg
206319_1,Panurgus banksianus,2_206319_1_2020_03_04-11-14-58-031.jpg
206319_1,Panurgus banksianus,1_206319_1_2020_03_04-11-14-57-633.jpg
206319_1,Panurgus banksianus,2_206319_1_2020_03_04-11-14-57-468.jpg
206319_1,Panurgus banksianus,2_206319_1_2020_03_04-11-14-57-417.jpg
206319_1,Panurgus banksianus,1_206319_1_2020_03_04-11-14-58-076.jpg
206319_1,Panurgus banksianus,1_206319_1_2020_03_04-11-14-58-194.jpg
206319_1,Panurgus banksianus,2_206319_1_2020_03_04-11-14-57-592.jpg
206319_1,Panurgus banksianus,2_206319_1_2020_03_04-11-14-57-672.jpg
206319_1,Panurgus banksianus,1_206319_1_2020_03_04-11-14-57-555.jpg
206319_1,Panurgus banksianus,2_206319_1_2020_03_04-11-14-57-646.jpg
206319_1,Panurgus banksianus,2_206319_1_2020_03_04-11-14-57-926.jpg
206319_1,Panurgus banksianus,2_206319_1_2020_03_04-11-14-57-445.jpg
206319_1,Panurgus banksianus,2_206319_1_2020_03_04-11-14-57-797.jpg
206319_1,Panurgus banksianus,1_206319_1_2020_03_04-11-14-57-659.jpg
206319_1,Panurgus banksianus,1_206319_1_2020_03_04-11-14-58-170.jpg
206319_1,Panurgus banksianus,1_206319_1_2020_03_04-11-14-58-159.jpg
206319_1,Panurgus banksianus,1_206319_1_2020_03_04-11-14-57-866.jpg
206319_1,Panurgus banksianus,1_206319_1_2020_03_04-11-14-57-734.jpg
206319_1,Panurgus banksianus,2_206319_1_2020_03_04-11-14-57-952.jpg
206319_1,Panurgus banksianus,2_206319_1_2020_03_04-11-14-58-005.jpg
206319_1,Panurgus banksianus,1_206319_1_2020_03_04-11-14-58-112.jpg
206319_1,Panurgus banksianus,1_206319_1_2020_03_04-11-14-57-992.jpg
206319_1,Panurgus banksianus,2_206319_1_2020_03_04-11-14-57-567.jpg
206319_1,Panurgus banksianus,1_206319_1_2020_03_04-11-14-57-544.jpg
206319_1,Panurgus banksianus,1_206319_1_2020_03_04-11-14-57-759.jpg
206319_1,Panurgus banksianus,1_206319_1_2020_03_04-11-14-58-212.jpg
206319_1,Panurgus banksianus,1_206319_1_2020_03_04-11-14-57-789.jpg
206322_1,Panurgus banksianus,2_206322_1_2020_03_04-11-24-12-791.jpg
206322_1,Panurgus banksianus,1_206322_1_2020_03_04-11-24-12-901.jpg
206322_1,Panurgus banksianus,1_206322_1_2020_03_04-11-24-12-980.jpg
206322_1,Panurgus banksianus,1_206322_1_2020_03_04-11-24-13-107.jpg
206322_1,Panurgus banksianus,1_206322_1_2020_03_04-11-24-12-833.jpg
206322_1,Panurgus banksianus,1_206322_1_2020_03_04-11-24-12-994.jpg
206322_1,Panurgus banksianus,2_206322_1_2020_03_04-11-24-12-967.jpg
206322_1,Panurgus banksianus,1_206322_1_2020_03_04-11-24-13-178.jpg
206322_1,Panurgus banksianus,2_206322_1_2020_03_04-11-24-12-927.jpg
206322_1,Panurgus banksianus,2_206322_1_2020_03_04-11-24-13-008.jpg
206322_1,Panurgus banksianus,1_206322_1_2020_03_04-11-24-13-080.jpg
206322_1,Panurgus banksianus,2_206322_1_2020_03_04-11-24-13-066.jpg
206322_1,Panurgus banksianus,2_206322_1_2020_03_04-11-24-12-845.jpg
206322_1,Panurgus banksianus,2_206322_1_2020_03_04-11-24-12-955.jpg
206322_1,Panurgus banksianus,1_206322_1_2020_03_04-11-24-12-943.jpg
206322_1,Panurgus banksianus,2_206322_1_2020_03_04-11-24-12-875.jpg
206322_1,Panurgus banksianus,1_206322_1_2020_03_04-11-24-13-159.jpg
206322_1,Panurgus banksianus,1_206322_1_2020_03_04-11-24-13-054.jpg
206322_1,Panurgus banksianus,1_206322_1_2020_03_04-11-24-13-024.jpg
206322_1,Panurgus banksianus,1_206322_1_2020_03_04-11-24-13-203.jpg
206322_1,Panurgus banksianus,1_206322_1_2020_03_04-11-24-12-914.jpg
206322_1,Panurgus banksianus,1_206322_1_2020_03_04-11-24-12-808.jpg
206322_1,Panurgus banksianus,2_206322_1_2020_03_04-11-24-13-037.jpg
206322_1,Panurgus banksianus,1_206322_1_2020_03_04-11-24-12-860.jpg
206322_1,Panurgus banksianus,2_206322_1_2020_03_04-11-24-13-121.jpg
206322_1,Panurgus banksianus,2_206322_1_2020_03_04-11-24-12-820.jpg
206322_1,Panurgus banksianus,1_206322_1_2020_03_04-11-24-13-132.jpg
206322_1,Panurgus banksianus,2_206322_1_2020_03_04-11-24-13-093.jpg
206322_1,Panurgus banksianus,2_206322_1_2020_03_04-11-24-12-888.jpg
208264_1,Lasioglossum punctatissimum,2_208264_1_2020_03_07-10-32-10-654.jpg
208264_1,Lasioglossum punctatissimum,2_208264_1_2020_03_07-10-32-10-796.jpg
208264_1,Lasioglossum punctatissimum,2_208264_1_2020_03_07-10-32-10-774.jpg
208264_1,Lasioglossum punctatissimum,1_208264_1_2020_03_07-10-32-11-017.jpg
208264_1,Lasioglossum punctatissimum,2_208264_1_2020_03_07-10-32-10-704.jpg
208264_1,Lasioglossum punctatissimum,1_208264_1_2020_03_07-10-32-10-763.jpg
208264_1,Lasioglossum punctatissimum,2_208264_1_2020_03_07-10-32-10-628.jpg
208264_1,Lasioglossum punctatissimum,1_208264_1_2020_03_07-10-32-10-667.jpg
208264_1,Lasioglossum punctatissimum,2_208264_1_2020_03_07-10-32-10-678.jpg
208264_1,Lasioglossum punctatissimum,2_208264_1_2020_03_07-10-32-10-726.jpg
208264_1,Lasioglossum punctatissimum,1_208264_1_2020_03_07-10-32-10-603.jpg
208264_1,Lasioglossum punctatissimum,2_208264_1_2020_03_07-10-32-10-809.jpg
208264_1,Lasioglossum punctatissimum,1_208264_1_2020_03_07-10-32-10-862.jpg
208264_1,Lasioglossum punctatissimum,2_208264_1_2020_03_07-10-32-10-927.jpg
208264_1,Lasioglossum punctatissimum,1_208264_1_2020_03_07-10-32-10-615.jpg
208264_1,Lasioglossum punctatissimum,2_208264_1_2020_03_07-10-32-10-591.jpg
208264_1,Lasioglossum punctatissimum,2_208264_1_2020_03_07-10-32-10-875.jpg
208264_1,Lasioglossum punctatissimum,1_208264_1_2020_03_07-10-32-10-982.jpg
208264_1,Lasioglossum punctatissimum,1_208264_1_2020_03_07-10-32-10-787.jpg
208264_1,Lasioglossum punctatissimum,1_208264_1_2020_03_07-10-32-10-913.jpg
208264_1,Lasioglossum punctatissimum,1_208264_1_2020_03_07-10-32-10-887.jpg
208264_1,Lasioglossum punctatissimum,1_208264_1_2020_03_07-10-32-10-715.jpg
208264_1,Lasioglossum punctatissimum,1_208264_1_2020_03_07-10-32-10-820.jpg
208264_1,Lasioglossum punctatissimum,2_208264_1_2020_03_07-10-32-10-847.jpg
208264_1,Lasioglossum punctatissimum,2_208264_1_2020_03_07-10-32-10-748.jpg
208264_1,Lasioglossum punctatissimum,1_208264_1_2020_03_07-10-32-10-959.jpg
208264_1,Lasioglossum punctatissimum,1_208264_1_2020_03_07-10-32-10-937.jpg
208264_1,Lasioglossum punctatissimum,1_208264_1_2020_03_07-10-32-10-692.jpg
208264_1,Lasioglossum punctatissimum,1_208264_1_2020_03_07-10-32-10-999.jpg
208264_1,Lasioglossum punctatissimum,2_208264_1_2020_03_07-10-32-10-898.jpg
208264_1,Lasioglossum punctatissimum,1_208264_1_2020_03_07-10-32-10-737.jpg
208264_1,Lasioglossum punctatissimum,1_208264_1_2020_03_07-10-32-10-644.jpg
208264_1,Lasioglossum punctatissimum,1_208264_1_2020_03_07-10-32-10-833.jpg
208262_1,Lasioglossum punctatissimum,1_208262_1_2020_03_06-14-57-19-978.jpg
208262_1,Lasioglossum punctatissimum,1_208262_1_2020_03_06-14-57-19-665.jpg
208262_1,Lasioglossum punctatissimum,1_208262_1_2020_03_06-14-57-19-586.jpg
208262_1,Lasioglossum punctatissimum,1_208262_1_2020_03_06-14-57-19-425.jpg
208262_1,Lasioglossum punctatissimum,2_208262_1_2020_03_06-14-57-19-702.jpg
208262_1,Lasioglossum punctatissimum,2_208262_1_2020_03_06-14-57-19-649.jpg
208262_1,Lasioglossum punctatissimum,2_208262_1_2020_03_06-14-57-19-883.jpg
208262_1,Lasioglossum punctatissimum,2_208262_1_2020_03_06-14-57-19-411.jpg
208262_1,Lasioglossum punctatissimum,1_208262_1_2020_03_06-14-57-19-842.jpg
208262_1,Lasioglossum punctatissimum,2_208262_1_2020_03_06-14-57-19-547.jpg
208262_1,Lasioglossum punctatissimum,1_208262_1_2020_03_06-14-57-19-714.jpg
208262_1,Lasioglossum punctatissimum,1_208262_1_2020_03_06-14-57-19-739.jpg
208262_1,Lasioglossum punctatissimum,2_208262_1_2020_03_06-14-57-19-436.jpg
208262_1,Lasioglossum punctatissimum,2_208262_1_2020_03_06-14-57-19-597.jpg
208262_1,Lasioglossum punctatissimum,2_208262_1_2020_03_06-14-57-19-367.jpg
208262_1,Lasioglossum punctatissimum,2_208262_1_2020_03_06-14-57-19-961.jpg
208262_1,Lasioglossum punctatissimum,2_208262_1_2020_03_06-14-57-19-749.jpg
208262_1,Lasioglossum punctatissimum,2_208262_1_2020_03_06-14-57-19-924.jpg
208262_1,Lasioglossum punctatissimum,2_208262_1_2020_03_06-14-57-19-802.jpg
208262_1,Lasioglossum punctatissimum,2_208262_1_2020_03_06-14-57-19-520.jpg
208262_1,Lasioglossum punctatissimum,2_208262_1_2020_03_06-14-57-19-673.jpg
208262_1,Lasioglossum punctatissimum,1_208262_1_2020_03_06-14-57-19-637.jpg
208262_1,Lasioglossum punctatissimum,1_208262_1_2020_03_06-14-57-19-999.jpg
208262_1,Lasioglossum punctatissimum,1_208262_1_2020_03_06-14-57-19-533.jpg
208262_1,Lasioglossum punctatissimum,1_208262_1_2020_03_06-14-57-20-017.jpg
208262_1,Lasioglossum punctatissimum,1_208262_1_2020_03_06-14-57-20-058.jpg
208262_1,Lasioglossum punctatissimum,1_208262_1_2020_03_06-14-57-20-040.jpg
208262_1,Lasioglossum punctatissimum,2_208262_1_2020_03_06-14-57-19-571.jpg
208262_1,Lasioglossum punctatissimum,1_208262_1_2020_03_06-14-57-20-100.jpg
208262_1,Lasioglossum punctatissimum,1_208262_1_2020_03_06-14-57-19-480.jpg
208262_1,Lasioglossum punctatissimum,1_208262_1_2020_03_06-14-57-19-898.jpg
208262_1,Lasioglossum punctatissimum,1_208262_1_2020_03_06-14-57-19-505.jpg
208262_1,Lasioglossum punctatissimum,1_208262_1_2020_03_06-14-57-19-935.jpg
208262_1,Lasioglossum punctatissimum,2_208262_1_2020_03_06-14-57-19-729.jpg
208262_1,Lasioglossum punctatissimum,1_208262_1_2020_03_06-14-57-19-949.jpg
208262_1,Lasioglossum punctatissimum,2_208262_1_2020_03_06-14-57-19-491.jpg
208262_1,Lasioglossum punctatissimum,1_208262_1_2020_03_06-14-57-19-611.jpg
208262_1,Lasioglossum punctatissimum,2_208262_1_2020_03_06-14-57-19-622.jpg
208262_1,Lasioglossum punctatissimum,2_208262_1_2020_03_06-14-57-19-773.jpg
208262_1,Lasioglossum punctatissimum,1_208262_1_2020_03_06-14-57-19-868.jpg
208262_1,Lasioglossum punctatissimum,2_208262_1_2020_03_06-14-57-19-390.jpg
208262_1,Lasioglossum punctatissimum,1_208262_1_2020_03_06-14-57-19-763.jpg
208262_1,Lasioglossum punctatissimum,1_208262_1_2020_03_06-14-57-19-451.jpg
208262_1,Lasioglossum punctatissimum,1_208262_1_2020_03_06-14-57-19-560.jpg
208262_1,Lasioglossum punctatissimum,1_208262_1_2020_03_06-14-57-20-080.jpg
208262_1,Lasioglossum punctatissimum,1_208262_1_2020_03_06-14-57-19-790.jpg
208262_1,Lasioglossum punctatissimum,2_208262_1_2020_03_06-14-57-19-852.jpg
208262_1,Lasioglossum punctatissimum,2_208262_1_2020_03_06-14-57-19-908.jpg
208262_1,Lasioglossum punctatissimum,2_208262_1_2020_03_06-14-57-19-828.jpg
208262_1,Lasioglossum punctatissimum,2_208262_1_2020_03_06-14-57-19-465.jpg
208262_1,Lasioglossum punctatissimum,1_208262_1_2020_03_06-14-57-19-689.jpg
208262_1,Lasioglossum punctatissimum,1_208262_1_2020_03_06-14-57-19-814.jpg
208263_1,Lasioglossum punctatissimum,2_208263_1_2020_03_06-15-13-40-862.jpg
208263_1,Lasioglossum punctatissimum,2_208263_1_2020_03_06-15-13-40-541.jpg
208263_1,Lasioglossum punctatissimum,1_208263_1_2020_03_06-15-13-40-876.jpg
208263_1,Lasioglossum punctatissimum,2_208263_1_2020_03_06-15-13-40-595.jpg
208263_1,Lasioglossum punctatissimum,1_208263_1_2020_03_06-15-13-40-530.jpg
208263_1,Lasioglossum punctatissimum,1_208263_1_2020_03_06-15-13-40-502.jpg
208263_1,Lasioglossum punctatissimum,1_208263_1_2020_03_06-15-13-41-122.jpg
208263_1,Lasioglossum punctatissimum,2_208263_1_2020_03_06-15-13-40-994.jpg
208263_1,Lasioglossum punctatissimum,2_208263_1_2020_03_06-15-13-40-673.jpg
208263_1,Lasioglossum punctatissimum,2_208263_1_2020_03_06-15-13-40-890.jpg
208263_1,Lasioglossum punctatissimum,2_208263_1_2020_03_06-15-13-40-836.jpg
208263_1,Lasioglossum punctatissimum,1_208263_1_2020_03_06-15-13-41-034.jpg
208263_1,Lasioglossum punctatissimum,2_208263_1_2020_03_06-15-13-40-621.jpg
208263_1,Lasioglossum punctatissimum,2_208263_1_2020_03_06-15-13-41-048.jpg
208263_1,Lasioglossum punctatissimum,1_208263_1_2020_03_06-15-13-40-954.jpg
208263_1,Lasioglossum punctatissimum,2_208263_1_2020_03_06-15-13-40-413.jpg
208263_1,Lasioglossum punctatissimum,2_208263_1_2020_03_06-15-13-40-782.jpg
208263_1,Lasioglossum punctatissimum,2_208263_1_2020_03_06-15-13-40-942.jpg
208263_1,Lasioglossum punctatissimum,2_208263_1_2020_03_06-15-13-40-967.jpg
208263_1,Lasioglossum punctatissimum,2_208263_1_2020_03_06-15-13-40-567.jpg
208263_1,Lasioglossum punctatissimum,1_208263_1_2020_03_06-15-13-40-607.jpg
208263_1,Lasioglossum punctatissimum,2_208263_1_2020_03_06-15-13-40-489.jpg
208263_1,Lasioglossum punctatissimum,2_208263_1_2020_03_06-15-13-40-515.jpg
208263_1,Lasioglossum punctatissimum,1_208263_1_2020_03_06-15-13-40-633.jpg
208263_1,Lasioglossum punctatissimum,1_208263_1_2020_03_06-15-13-40-713.jpg
208263_1,Lasioglossum punctatissimum,1_208263_1_2020_03_06-15-13-41-009.jpg
208263_1,Lasioglossum punctatissimum,2_208263_1_2020_03_06-15-13-40-702.jpg
208263_1,Lasioglossum punctatissimum,1_208263_1_2020_03_06-15-13-41-061.jpg
208263_1,Lasioglossum punctatissimum,2_208263_1_2020_03_06-15-13-40-646.jpg
208263_1,Lasioglossum punctatissimum,1_208263_1_2020_03_06-15-13-40-768.jpg
208263_1,Lasioglossum punctatissimum,2_208263_1_2020_03_06-15-13-40-461.jpg
208263_1,Lasioglossum punctatissimum,2_208263_1_2020_03_06-15-13-40-905.jpg
208263_1,Lasioglossum punctatissimum,2_208263_1_2020_03_06-15-13-40-433.jpg
208263_1,Lasioglossum punctatissimum,2_208263_1_2020_03_06-15-13-40-727.jpg
208263_1,Lasioglossum punctatissimum,1_208263_1_2020_03_06-15-13-40-554.jpg
208263_1,Lasioglossum punctatissimum,1_208263_1_2020_03_06-15-13-40-658.jpg
208263_1,Lasioglossum punctatissimum,1_208263_1_2020_03_06-15-13-41-104.jpg
208263_1,Lasioglossum punctatissimum,1_208263_1_2020_03_06-15-13-40-741.jpg
208263_1,Lasioglossum punctatissimum,1_208263_1_2020_03_06-15-13-40-824.jpg
208263_1,Lasioglossum punctatissimum,2_208263_1_2020_03_06-15-13-40-810.jpg
208263_1,Lasioglossum punctatissimum,1_208263_1_2020_03_06-15-13-40-851.jpg
208263_1,Lasioglossum punctatissimum,1_208263_1_2020_03_06-15-13-40-476.jpg
208263_1,Lasioglossum punctatissimum,2_208263_1_2020_03_06-15-13-40-754.jpg
208263_1,Lasioglossum punctatissimum,1_208263_1_2020_03_06-15-13-41-084.jpg
208263_1,Lasioglossum punctatissimum,1_208263_1_2020_03_06-15-13-40-917.jpg
208263_1,Lasioglossum punctatissimum,1_208263_1_2020_03_06-15-13-41-145.jpg
208263_1,Lasioglossum punctatissimum,2_208263_1_2020_03_06-15-13-41-022.jpg
208263_1,Lasioglossum punctatissimum,1_208263_1_2020_03_06-15-13-40-929.jpg
208263_1,Lasioglossum punctatissimum,1_208263_1_2020_03_06-15-13-40-798.jpg
208263_1,Lasioglossum punctatissimum,1_208263_1_2020_03_06-15-13-40-980.jpg
208263_1,Lasioglossum punctatissimum,1_208263_1_2020_03_06-15-13-40-689.jpg
208263_1,Lasioglossum punctatissimum,1_208263_1_2020_03_06-15-13-40-450.jpg
208263_1,Lasioglossum punctatissimum,1_208263_1_2020_03_06-15-13-40-582.jpg
208265_1,Lasioglossum punctatissimum,1_208265_1_2020_03_07-10-34-31-386.jpg
208265_1,Lasioglossum punctatissimum,2_208265_1_2020_03_07-10-34-31-376.jpg
208265_1,Lasioglossum punctatissimum,1_208265_1_2020_03_07-10-34-31-135.jpg
208265_1,Lasioglossum punctatissimum,1_208265_1_2020_03_07-10-34-31-488.jpg
208265_1,Lasioglossum punctatissimum,1_208265_1_2020_03_07-10-34-31-622.jpg
208265_1,Lasioglossum punctatissimum,1_208265_1_2020_03_07-10-34-31-313.jpg
208265_1,Lasioglossum punctatissimum,1_208265_1_2020_03_07-10-34-31-237.jpg
208265_1,Lasioglossum punctatissimum,2_208265_1_2020_03_07-10-34-31-120.jpg
208265_1,Lasioglossum punctatissimum,2_208265_1_2020_03_07-10-34-31-248.jpg
208265_1,Lasioglossum punctatissimum,2_208265_1_2020_03_07-10-34-31-425.jpg
208265_1,Lasioglossum punctatissimum,1_208265_1_2020_03_07-10-34-31-603.jpg
208265_1,Lasioglossum punctatissimum,1_208265_1_2020_03_07-10-34-31-363.jpg
208265_1,Lasioglossum punctatissimum,1_208265_1_2020_03_07-10-34-31-582.jpg
208265_1,Lasioglossum punctatissimum,2_208265_1_2020_03_07-10-34-31-477.jpg
208265_1,Lasioglossum punctatissimum,2_208265_1_2020_03_07-10-34-31-324.jpg
208265_1,Lasioglossum punctatissimum,2_208265_1_2020_03_07-10-34-31-222.jpg
208265_1,Lasioglossum punctatissimum,1_208265_1_2020_03_07-10-34-31-210.jpg
208265_1,Lasioglossum punctatissimum,2_208265_1_2020_03_07-10-34-31-299.jpg
208265_1,Lasioglossum punctatissimum,1_208265_1_2020_03_07-10-34-31-440.jpg
208265_1,Lasioglossum punctatissimum,1_208265_1_2020_03_07-10-34-31-262.jpg
208265_1,Lasioglossum punctatissimum,1_208265_1_2020_03_07-10-34-31-515.jpg
208265_1,Lasioglossum punctatissimum,2_208265_1_2020_03_07-10-34-31-170.jpg
208265_1,Lasioglossum punctatissimum,1_208265_1_2020_03_07-10-34-31-465.jpg
208265_1,Lasioglossum punctatissimum,1_208265_1_2020_03_07-10-34-31-184.jpg
208265_1,Lasioglossum punctatissimum,1_208265_1_2020_03_07-10-34-31-539.jpg
208265_1,Lasioglossum punctatissimum,2_208265_1_2020_03_07-10-34-31-526.jpg
208265_1,Lasioglossum punctatissimum,1_208265_1_2020_03_07-10-34-31-411.jpg
208265_1,Lasioglossum punctatissimum,1_208265_1_2020_03_07-10-34-31-339.jpg
208265_1,Lasioglossum punctatissimum,1_208265_1_2020_03_07-10-34-31-105.jpg
208265_1,Lasioglossum punctatissimum,2_208265_1_2020_03_07-10-34-31-397.jpg
208265_1,Lasioglossum punctatissimum,2_208265_1_2020_03_07-10-34-31-063.jpg
208265_1,Lasioglossum punctatissimum,1_208265_1_2020_03_07-10-34-31-562.jpg
208265_1,Lasioglossum punctatissimum,1_208265_1_2020_03_07-10-34-31-080.jpg
208265_1,Lasioglossum punctatissimum,2_208265_1_2020_03_07-10-34-31-146.jpg
208265_1,Lasioglossum punctatissimum,1_208265_1_2020_03_07-10-34-31-159.jpg
208265_1,Lasioglossum punctatissimum,2_208265_1_2020_03_07-10-34-31-502.jpg
208265_1,Lasioglossum punctatissimum,2_208265_1_2020_03_07-10-34-31-452.jpg
208265_1,Lasioglossum punctatissimum,1_208265_1_2020_03_07-10-34-31-287.jpg
208265_1,Lasioglossum punctatissimum,2_208265_1_2020_03_07-10-34-31-196.jpg
208265_1,Lasioglossum punctatissimum,2_208265_1_2020_03_07-10-34-31-274.jpg
208265_1,Lasioglossum punctatissimum,2_208265_1_2020_03_07-10-34-31-095.jpg
208265_1,Lasioglossum punctatissimum,2_208265_1_2020_03_07-10-34-31-351.jpg
208261_1,Lasioglossum punctatissimum,2_208261_1_2020_03_06-14-53-53-133.jpg
208261_1,Lasioglossum punctatissimum,1_208261_1_2020_03_06-14-53-53-119.jpg
208261_1,Lasioglossum punctatissimum,1_208261_1_2020_03_06-14-53-53-333.jpg
208261_1,Lasioglossum punctatissimum,1_208261_1_2020_03_06-14-53-53-202.jpg
208261_1,Lasioglossum punctatissimum,2_208261_1_2020_03_06-14-53-53-657.jpg
208261_1,Lasioglossum punctatissimum,1_208261_1_2020_03_06-14-53-53-357.jpg
208261_1,Lasioglossum punctatissimum,2_208261_1_2020_03_06-14-53-53-085.jpg
208261_1,Lasioglossum punctatissimum,1_208261_1_2020_03_06-14-53-53-815.jpg
208261_1,Lasioglossum punctatissimum,2_208261_1_2020_03_06-14-53-53-291.jpg
208261_1,Lasioglossum punctatissimum,1_208261_1_2020_03_06-14-53-53-541.jpg
208261_1,Lasioglossum punctatissimum,2_208261_1_2020_03_06-14-53-53-424.jpg
208261_1,Lasioglossum punctatissimum,2_208261_1_2020_03_06-14-53-53-342.jpg
208261_1,Lasioglossum punctatissimum,2_208261_1_2020_03_06-14-53-53-106.jpg
208261_1,Lasioglossum punctatissimum,2_208261_1_2020_03_06-14-53-53-738.jpg
208261_1,Lasioglossum punctatissimum,2_208261_1_2020_03_06-14-53-53-398.jpg
208261_1,Lasioglossum punctatissimum,1_208261_1_2020_03_06-14-53-53-144.jpg
208261_1,Lasioglossum punctatissimum,1_208261_1_2020_03_06-14-53-53-567.jpg
208261_1,Lasioglossum punctatissimum,2_208261_1_2020_03_06-14-53-53-187.jpg
208261_1,Lasioglossum punctatissimum,1_208261_1_2020_03_06-14-53-53-618.jpg
208261_1,Lasioglossum punctatissimum,1_208261_1_2020_03_06-14-53-53-174.jpg
208261_1,Lasioglossum punctatissimum,2_208261_1_2020_03_06-14-53-53-266.jpg
208261_1,Lasioglossum punctatissimum,1_208261_1_2020_03_06-14-53-53-385.jpg
208261_1,Lasioglossum punctatissimum,1_208261_1_2020_03_06-14-53-53-698.jpg
208261_1,Lasioglossum punctatissimum,2_208261_1_2020_03_06-14-53-53-632.jpg
208261_1,Lasioglossum punctatissimum,2_208261_1_2020_03_06-14-53-53-240.jpg
208261_1,Lasioglossum punctatissimum,1_208261_1_2020_03_06-14-53-53-461.jpg
208261_1,Lasioglossum punctatissimum,1_208261_1_2020_03_06-14-53-53-410.jpg
208261_1,Lasioglossum punctatissimum,2_208261_1_2020_03_06-14-53-53-160.jpg
208261_1,Lasioglossum punctatissimum,2_208261_1_2020_03_06-14-53-53-213.jpg
208261_1,Lasioglossum punctatissimum,2_208261_1_2020_03_06-14-53-53-553.jpg
208261_1,Lasioglossum punctatissimum,1_208261_1_2020_03_06-14-53-53-437.jpg
208261_1,Lasioglossum punctatissimum,1_208261_1_2020_03_06-14-53-53-516.jpg
208261_1,Lasioglossum punctatissimum,2_208261_1_2020_03_06-14-53-53-581.jpg
208261_1,Lasioglossum punctatissimum,2_208261_1_2020_03_06-14-53-53-526.jpg
208261_1,Lasioglossum punctatissimum,2_208261_1_2020_03_06-14-53-53-605.jpg
208261_1,Lasioglossum punctatissimum,1_208261_1_2020_03_06-14-53-53-754.jpg
208261_1,Lasioglossum punctatissimum,2_208261_1_2020_03_06-14-53-53-682.jpg
208261_1,Lasioglossum punctatissimum,1_208261_1_2020_03_06-14-53-53-227.jpg
208261_1,Lasioglossum punctatissimum,1_208261_1_2020_03_06-14-53-53-281.jpg
208261_1,Lasioglossum punctatissimum,2_208261_1_2020_03_06-14-53-53-317.jpg
208261_1,Lasioglossum punctatissimum,1_208261_1_2020_03_06-14-53-53-489.jpg
208261_1,Lasioglossum punctatissimum,2_208261_1_2020_03_06-14-53-53-369.jpg
208261_1,Lasioglossum punctatissimum,1_208261_1_2020_03_06-14-53-53-724.jpg
208261_1,Lasioglossum punctatissimum,1_208261_1_2020_03_06-14-53-53-795.jpg
208261_1,Lasioglossum punctatissimum,1_208261_1_2020_03_06-14-53-53-775.jpg
208261_1,Lasioglossum punctatissimum,1_208261_1_2020_03_06-14-53-53-837.jpg
208261_1,Lasioglossum punctatissimum,1_208261_1_2020_03_06-14-53-53-306.jpg
208261_1,Lasioglossum punctatissimum,1_208261_1_2020_03_06-14-53-53-255.jpg
208261_1,Lasioglossum punctatissimum,2_208261_1_2020_03_06-14-53-53-475.jpg
208261_1,Lasioglossum punctatissimum,2_208261_1_2020_03_06-14-53-53-502.jpg
208261_1,Lasioglossum punctatissimum,1_208261_1_2020_03_06-14-53-53-592.jpg
208261_1,Lasioglossum punctatissimum,1_208261_1_2020_03_06-14-53-53-670.jpg
208261_1,Lasioglossum punctatissimum,2_208261_1_2020_03_06-14-53-53-447.jpg
208261_1,Lasioglossum punctatissimum,1_208261_1_2020_03_06-14-53-53-643.jpg
208261_1,Lasioglossum punctatissimum,2_208261_1_2020_03_06-14-53-53-707.jpg